sku,mes,real_ruptura,pred_model,prob_model,baseline_label,baseline_score,baseline_detectou,modelo_detectou
CI-0032,2026-07-01,0,0,1.262925004270204e-06,ALTO,1.0,True,False
CI-0013,2026-07-01,0,0,0.0004240786306018219,ALTO,0.9,True,False
CI-0031,2026-07-01,1,1,0.9962549575503121,ALTO,0.9,True,True
CI-0012,2026-07-01,0,0,0.010986118940351959,ALTO,0.9,True,False
CI-0043,2026-07-01,0,0,1.4561939029892051e-06,ALTO,0.9,True,False
CI-0029,2026-07-01,0,0,0.00020934655123683397,ALTO,0.9,True,False
CI-0044,2026-07-01,0,0,1.3235926302812556e-09,ALTO,0.9,True,False
CI-0008,2026-07-01,1,1,0.9976567469790244,ALTO,0.9,True,True
CI-0049,2026-07-01,1,1,0.9999713126502554,ALTO,0.9,True,True
CI-0028,2026-07-01,1,1,0.9863353077694464,ALTO,0.9,True,True
CI-0030,2026-07-01,1,1,0.9944198927897722,ALTO,0.9,True,True
CI-0025,2026-07-01,1,1,0.999353844988957,ALTO,0.9,True,True
CI-0027,2026-07-01,0,0,0.01309692692435803,ALTO,0.9,True,False
CI-0018,2026-07-01,1,1,0.9999834953322624,ALTO,0.9,True,True
CI-0048,2026-07-01,1,1,0.9997677555258471,ALTO,0.9,True,True
CI-0019,2026-07-01,1,1,0.9982375649764347,ALTO,0.9,True,True
CI-0020,2026-07-01,0,0,0.017278120636237706,ALTO,0.9,True,False
CI-0004,2026-07-01,1,1,0.9973786818283724,ALTO,0.9,True,True
CI-0017,2026-07-01,1,1,0.9999049490087354,ALTO,0.9,True,True
CI-0021,2026-07-01,0,0,1.580521078457347e-08,ALTO,0.9,True,False
CI-0006,2026-07-01,1,1,0.9999036414927512,ALTO,0.9,True,True
CI-0047,2026-07-01,1,1,0.9977609925797156,ALTO,0.9,True,True
CI-0014,2026-07-01,0,0,0.013706747008184517,ALTO,0.9,True,False
CI-0022,2026-07-01,0,0,1.2495352675373689e-08,ALTO,0.9,True,False
CI-0016,2026-07-01,1,1,0.9937029168313545,ALTO,0.9,True,True
CI-0024,2026-07-01,1,1,0.9885873235303075,ALTO,0.9,True,True
CI-0046,2026-07-01,1,1,0.9966065875149527,ALTO,0.9,True,True
CI-0050,2026-07-01,1,1,0.9996564109454843,ALTO,0.9,True,True
CI-0015,2026-07-01,1,1,0.970027408555906,ALTO,0.9,True,True
CI-0007,2026-07-01,1,1,0.9816826078076827,ALTO,0.9,True,True
CI-0003,2026-07-01,0,0,0.001160771346388001,ALTO,0.9,True,False
CI-0045,2026-07-01,1,1,0.9995299507030876,ALTO,0.9,True,True
CI-0026,2026-07-01,0,0,0.0010322472462692266,ALTO,0.9,True,False
CI-0023,2026-07-01,1,1,0.9999827753850992,ALTO,0.9,True,True
CI-0033,2026-07-01,1,1,0.9999541483618846,ALTO,0.9,True,True
CI-0002,2026-07-01,1,1,0.9999668746509425,ALTO,0.9,True,True
CI-0001,2026-07-01,1,1,0.9989355595669291,ALTO,0.9,True,True
CI-0011,2026-07-01,1,1,0.9865807123932505,ALTO,0.9,True,True
CI-0041,2026-07-01,1,1,0.9999958096501049,ALTO,0.9,True,True
CI-0036,2026-07-01,0,0,0.0008884561926891683,ALTO,0.9,True,False
CI-0037,2026-07-01,1,1,0.9999186671646939,ALTO,0.9,True,True
CI-0034,2026-07-01,1,1,0.9981780213591019,ALTO,0.9,True,True
CI-0035,2026-07-01,0,0,0.001638827583394045,ALTO,0.9,True,False
CI-0009,2026-07-01,0,0,2.4714525617272525e-06,ALTO,0.9,True,False
CI-0010,2026-07-01,1,1,0.999996371387729,ALTO,0.9,True,True
CI-0042,2026-07-01,1,1,0.982801697399339,ALTO,0.9,True,True
CI-0038,2026-07-01,0,0,4.410479398981139e-08,ALTO,0.9,True,False
CI-0005,2026-07-01,0,0,0.01351085529750462,ALTO,0.9,True,False
CI-0040,2026-07-01,0,0,1.8415933021530382e-10,ALTO,0.9,True,False
CI-0039,2026-07-01,0,0,2.617630452247734e-05,ALTO,0.9,True,False
CI-0004,2026-08-01,1,1,0.9957397345897866,ALTO,0.9,True,True
CI-0036,2026-08-01,0,0,0.00047538969479655324,ALTO,0.9,True,False
CI-0025,2026-08-01,1,1,0.9987401147851447,ALTO,0.9,True,True
CI-0005,2026-08-01,0,0,0.01810081037594009,ALTO,0.9,True,False
CI-0033,2026-08-01,1,1,0.9999427804419309,ALTO,0.9,True,True
CI-0003,2026-08-01,0,0,0.0018027636873035025,ALTO,0.9,True,False
CI-0041,2026-08-01,1,1,0.9999978641170829,ALTO,0.9,True,True
CI-0045,2026-08-01,1,1,0.9995499925777992,ALTO,0.9,True,True
CI-0018,2026-08-01,1,1,0.9999884361998537,ALTO,0.9,True,True
CI-0026,2026-08-01,0,0,0.0036088564395716353,ALTO,0.9,True,False
CI-0001,2026-08-01,1,1,0.9993471341860871,ALTO,0.9,True,True
CI-0027,2026-08-01,1,1,0.990023257428087,ALTO,0.9,True,True
CI-0014,2026-08-01,0,0,0.007961629573593896,ALTO,0.9,True,False
CI-0035,2026-08-01,0,0,0.0007753093016263725,ALTO,0.9,True,False
CI-0015,2026-08-01,1,1,0.9855481161895855,ALTO,0.9,True,True
CI-0048,2026-08-01,1,1,0.9996923999028493,ALTO,0.9,True,True
CI-0024,2026-08-01,1,1,0.982261349758238,ALTO,0.9,True,True
CI-0039,2026-08-01,0,0,1.1526775009641101e-05,ALTO,0.9,True,False
CI-0020,2026-08-01,1,1,0.9837842738220145,ALTO,0.9,True,True
CI-0017,2026-08-01,1,1,0.9999135359987557,ALTO,0.9,True,True
CI-0021,2026-08-01,0,0,1.651406578345274e-08,ALTO,0.9,True,False
CI-0009,2026-08-01,0,0,1.4947680159466442e-06,ALTO,0.9,True,False
CI-0006,2026-08-01,1,1,0.9998758413631996,ALTO,0.9,True,True
CI-0047,2026-08-01,1,1,0.9972605550254605,ALTO,0.9,True,True
CI-0040,2026-08-01,0,0,1.5097874152065275e-10,ALTO,0.75,True,False
CI-0022,2026-08-01,0,0,1.0867488912967836e-08,MEDIO,0.65,True,False
CI-0016,2026-08-01,1,1,0.9933931249659722,MEDIO,0.65,True,True
CI-0019,2026-08-01,1,1,0.9979521746283686,MEDIO,0.65,True,True
CI-0010,2026-08-01,1,1,0.9999956526452769,MEDIO,0.65,True,True
CI-0023,2026-08-01,1,1,0.9999951280500324,MEDIO,0.65,True,True
CI-0046,2026-08-01,1,1,0.9950508858286653,MEDIO,0.65,True,True
CI-0037,2026-08-01,1,1,0.9999105841970809,MEDIO,0.65,True,True
CI-0038,2026-08-01,0,0,4.5839813501111814e-08,MEDIO,0.65,True,False
CI-0028,2026-08-01,0,0,0.020498217390046352,MEDIO,0.65,True,False
CI-0007,2026-08-01,0,0,0.019340190705986197,MEDIO,0.65,True,False
CI-0049,2026-08-01,1,1,0.999954007169867,MEDIO,0.65,True,True
CI-0044,2026-08-01,0,0,1.4922103296496069e-09,MEDIO,0.65,True,False
CI-0031,2026-08-01,1,1,0.9958547384389556,MEDIO,0.65,True,True
CI-0034,2026-08-01,1,1,0.9981952038636718,MEDIO,0.65,True,True
CI-0032,2026-08-01,0,0,1.3393675028214423e-06,MEDIO,0.65,True,False
CI-0043,2026-08-01,0,0,1.3288594029803028e-06,MEDIO,0.65,True,False
CI-0013,2026-08-01,0,0,0.0006552934775048289,MEDIO,0.65,True,False
CI-0029,2026-08-01,0,0,0.00012554274728236202,MEDIO,0.65,True,False
CI-0011,2026-08-01,1,1,0.9770793961577754,MEDIO,0.65,True,True
CI-0002,2026-08-01,1,1,0.9999417313474284,MEDIO,0.65,True,True
CI-0042,2026-08-01,1,1,0.9786398687605317,MEDIO,0.65,True,True
CI-0030,2026-08-01,0,0,0.029828696228847113,MEDIO,0.65,True,False
CI-0050,2026-08-01,1,1,0.9998637713309825,MEDIO,0.65,True,True
CI-0012,2026-08-01,1,1,0.9706848523004178,MEDIO,0.65,True,True
CI-0008,2026-08-01,1,1,0.9978378996794611,MEDIO,0.65,True,True
CI-0015,2026-10-01,1,1,0.9993727885844877,MEDIO,0.65,True,True
CI-0046,2026-10-01,1,1,0.9973938319439156,MEDIO,0.65,True,True
CI-0004,2026-10-01,1,1,0.9678705597791136,MEDIO,0.65,True,True
CI-0034,2026-10-01,1,1,0.9986259623988921,MEDIO,0.65,True,True
CI-0017,2026-10-01,1,1,0.9998982139233642,MEDIO,0.65,True,True
CI-0024,2026-10-01,1,1,0.9768355607154773,MEDIO,0.65,True,True
CI-0031,2026-10-01,1,1,0.9998355531834583,MEDIO,0.65,True,True
CI-0044,2026-10-01,0,0,7.424968370414305e-10,MEDIO,0.65,True,False
CI-0036,2026-10-01,0,0,0.0007950902138635346,MEDIO,0.65,True,False
CI-0010,2026-10-01,1,1,0.9999814959265109,MEDIO,0.65,True,True
CI-0023,2026-10-01,1,1,0.9999910478576993,MEDIO,0.65,True,True
CI-0032,2026-10-01,0,0,3.316990260344308e-06,MEDIO,0.65,True,False
CI-0043,2026-10-01,0,0,1.7218133552390423e-06,MEDIO,0.65,True,False
CI-0002,2026-10-01,1,1,0.9999549393139467,MEDIO,0.65,True,True
CI-0016,2026-10-01,1,1,0.985403481413412,MEDIO,0.65,True,True
CI-0006,2026-10-01,1,1,0.999850255451357,MEDIO,0.65,True,True
CI-0047,2026-10-01,1,1,0.9987783705995578,MEDIO,0.65,True,True
CI-0022,2026-10-01,0,0,9.579432286815699e-09,MEDIO,0.65,True,False
CI-0038,2026-10-01,0,0,5.097666610688625e-08,MEDIO,0.65,True,False
CI-0012,2026-10-01,1,1,0.968181619413488,MEDIO,0.65,True,True
CI-0050,2026-10-01,1,1,0.9994469620488841,MEDIO,0.65,True,True
CI-0037,2026-10-01,1,1,0.9997386881159714,MEDIO,0.65,True,True
CI-0040,2026-10-01,0,0,1.496127433393451e-09,MEDIO,0.65,True,False
CI-0030,2026-10-01,1,1,0.981954472980673,MEDIO,0.65,True,True
CI-0014,2026-10-01,0,0,0.0001527028822267871,MEDIO,0.65,True,False
CI-0018,2026-10-01,1,1,0.9999859836656202,MEDIO,0.65,True,True
CI-0033,2026-10-01,1,1,0.9999659846902702,MEDIO,0.65,True,True
CI-0028,2026-10-01,1,1,0.9671048329080869,MEDIO,0.65,True,True
CI-0009,2026-10-01,0,0,2.563873542057178e-05,MEDIO,0.65,True,False
CI-0005,2026-10-01,0,0,0.003218199588787833,MEDIO,0.65,True,False
CI-0035,2026-10-01,0,0,0.0013480437904111859,MEDIO,0.65,True,False
CI-0048,2026-10-01,1,1,0.9997947288201041,MEDIO,0.65,True,True
CI-0027,2026-10-01,1,1,0.9635420055625133,MEDIO,0.65,True,True
CI-0029,2026-10-01,0,0,5.122863705321765e-05,MEDIO,0.65,True,False
CI-0001,2026-10-01,1,1,0.9974960530246266,MEDIO,0.65,True,True
CI-0025,2026-10-01,1,1,0.9962564919729857,MEDIO,0.65,True,True
CI-0039,2026-10-01,0,0,4.898106223636952e-06,MEDIO,0.65,True,False
CI-0008,2026-10-01,1,1,0.9975211989280355,MEDIO,0.65,True,True
CI-0026,2026-10-01,0,0,0.00011607311540030914,MEDIO,0.65,True,False
CI-0021,2026-10-01,0,0,2.2690018912236345e-08,MEDIO,0.65,True,False
CI-0007,2026-10-01,1,1,0.9824950155514983,MEDIO,0.65,True,True
CI-0019,2026-10-01,1,1,0.9974523719151858,MEDIO,0.65,True,True
CI-0013,2026-10-01,0,0,0.0003317083718056149,MEDIO,0.65,True,False
CI-0045,2026-10-01,1,1,0.9976979343847838,MEDIO,0.65,True,True
CI-0020,2026-10-01,1,1,0.9813617537493218,MEDIO,0.65,True,True
CI-0042,2026-10-01,1,1,0.9165307324472644,MEDIO,0.65,True,True
CI-0003,2026-10-01,0,0,0.002347470640440892,MEDIO,0.65,True,False
CI-0011,2026-10-01,1,1,0.9586575448290984,MEDIO,0.65,True,True
CI-0049,2026-10-01,1,1,0.9999661882691196,MEDIO,0.65,True,True
CI-0041,2026-10-01,1,1,0.9999781321601761,MEDIO,0.65,True,True
CI-0020,2026-11-01,1,1,0.9853239104870261,MEDIO,0.65,True,True
CI-0005,2026-11-01,0,0,0.003051726724545739,MEDIO,0.65,True,False
CI-0002,2026-11-01,1,1,0.9999843708560046,MEDIO,0.65,True,True
CI-0047,2026-11-01,1,1,0.9992549334633312,MEDIO,0.65,True,True
CI-0032,2026-11-01,0,0,1.7563965572763105e-06,MEDIO,0.65,True,False
CI-0048,2026-11-01,1,1,0.9998945782088359,MEDIO,0.65,True,True
CI-0008,2026-11-01,1,1,0.9981103254261966,MEDIO,0.65,True,True
CI-0033,2026-11-01,1,1,0.9999856698190779,MEDIO,0.65,True,True
CI-0017,2026-11-01,1,1,0.9999992688123447,MEDIO,0.65,True,True
CI-0039,2026-11-01,0,0,5.032686475719063e-06,BAIXO,0.3,False,False
CI-0040,2026-11-01,0,0,2.2009504775628496e-09,BAIXO,0.2,False,False
CI-0019,2026-11-01,1,1,0.9983026970070702,BAIXO,0.2,False,True
CI-0042,2026-11-01,1,1,0.9929938822549627,BAIXO,0.2,False,True
CI-0012,2026-11-01,1,1,0.9617900254145013,BAIXO,0.2,False,True
CI-0037,2026-11-01,1,1,0.9998260329695007,BAIXO,0.2,False,True
CI-0038,2026-11-01,0,0,5.708225703778193e-08,BAIXO,0.2,False,False
CI-0011,2026-11-01,1,1,0.9587490947211726,BAIXO,0.2,False,True
CI-0045,2026-11-01,1,1,0.9975876586395367,BAIXO,0.2,False,True
CI-0041,2026-11-01,1,1,0.9999899423164456,BAIXO,0.2,False,True
CI-0013,2026-11-01,0,0,0.00029891020420771806,BAIXO,0.2,False,False
CI-0026,2026-11-01,0,0,7.146509920975004e-05,BAIXO,0.2,False,False
CI-0001,2026-11-01,1,1,0.9982977101158959,BAIXO,0.2,False,True
CI-0050,2026-11-01,1,1,0.9996791505385266,BAIXO,0.2,False,True
CI-0014,2026-11-01,0,0,6.451937654872326e-05,BAIXO,0.2,False,False
CI-0027,2026-11-01,1,1,0.9646844233804024,BAIXO,0.2,False,True
CI-0007,2026-11-01,1,1,0.9850542421807368,BAIXO,0.2,False,True
CI-0035,2026-11-01,0,0,0.0016785345542948906,BAIXO,0.2,False,False
CI-0028,2026-11-01,1,1,0.9699869748046687,BAIXO,0.2,False,True
CI-0049,2026-11-01,1,1,0.9999868111733358,BAIXO,0.2,False,True
CI-0044,2026-11-01,0,0,5.201283655358962e-10,BAIXO,0.2,False,False
CI-0029,2026-11-01,0,0,0.0006686873833809686,BAIXO,0.2,False,False
CI-0021,2026-11-01,0,0,2.480990242623707e-08,BAIXO,0.2,False,False
CI-0025,2026-11-01,1,1,0.997088837790555,BAIXO,0.2,False,True
CI-0036,2026-11-01,0,0,0.0005968046125697114,BAIXO,0.2,False,False
CI-0022,2026-11-01,0,0,9.72828242434363e-09,BAIXO,0.2,False,False
CI-0004,2026-11-01,1,1,0.9953849082701233,BAIXO,0.2,False,True
CI-0016,2026-11-01,1,1,0.9892601673336466,BAIXO,0.2,False,True
CI-0006,2026-11-01,1,1,0.9999129683737006,BAIXO,0.2,False,True
CI-0043,2026-11-01,0,0,1.8011701659063946e-06,BAIXO,0.2,False,False
CI-0018,2026-11-01,1,1,0.999991754385531,BAIXO,0.2,False,True
CI-0030,2026-11-01,1,1,0.9817339009134795,BAIXO,0.2,False,True
CI-0031,2026-11-01,1,1,0.9999200264380839,BAIXO,0.2,False,True
CI-0010,2026-11-01,1,1,0.9999910163436738,BAIXO,0.2,False,True
CI-0046,2026-11-01,1,1,0.9984153206754516,BAIXO,0.2,False,True
CI-0024,2026-11-01,1,1,0.9777019232953709,BAIXO,0.1,False,True
CI-0003,2026-11-01,0,0,0.0023035974428514765,BAIXO,0.0,False,False
CI-0015,2026-11-01,1,1,0.9996802060877326,BAIXO,0.0,False,True
CI-0034,2026-11-01,1,1,0.9982182621357691,BAIXO,0.0,False,True
CI-0023,2026-11-01,1,1,0.9999957047712624,BAIXO,0.0,False,True
CI-0009,2026-11-01,0,0,2.9621614531074475e-05,BAIXO,0.0,False,False
CI-0049,2026-12-01,1,1,0.9999836076073071,BAIXO,0.0,False,True
CI-0025,2026-12-01,1,1,0.9969197596382322,BAIXO,0.0,False,True
CI-0047,2026-12-01,1,1,0.9991048512122863,BAIXO,0.0,False,True
CI-0020,2026-12-01,1,1,0.982136952289664,BAIXO,0.0,False,True
CI-0019,2026-12-01,1,1,0.9981092705124786,BAIXO,0.0,False,True
CI-0018,2026-12-01,1,1,0.9999892221921796,BAIXO,0.0,False,True
CI-0017,2026-12-01,1,1,0.999998858458479,BAIXO,0.0,False,True
CI-0016,2026-12-01,1,1,0.9884439284084785,BAIXO,0.0,False,True
CI-0015,2026-12-01,1,1,0.9995220747805759,BAIXO,0.0,False,True
CI-0014,2026-12-01,0,0,7.784521885331473e-05,BAIXO,0.0,False,False
CI-0013,2026-12-01,0,0,0.0002228736846967457,BAIXO,0.0,False,False
CI-0012,2026-12-01,1,1,0.9510699408626817,BAIXO,0.0,False,True
CI-0021,2026-12-01,0,0,2.1389746794307912e-08,BAIXO,0.0,False,False
CI-0011,2026-12-01,1,1,0.9613451487685802,BAIXO,0.0,False,True
CI-0009,2026-12-01,0,0,2.732448767056469e-05,BAIXO,0.0,False,False
CI-0008,2026-12-01,1,1,0.997602208439391,BAIXO,0.0,False,True
CI-0007,2026-12-01,1,1,0.9840514318624011,BAIXO,0.0,False,True
CI-0006,2026-12-01,1,1,0.999899215030654,BAIXO,0.0,False,True
CI-0005,2026-12-01,0,0,0.0022901700798443926,BAIXO,0.0,False,False
CI-0004,2026-12-01,1,1,0.9936050845334101,BAIXO,0.0,False,True
CI-0003,2026-12-01,0,0,0.0019583829798042176,BAIXO,0.0,False,False
CI-0002,2026-12-01,1,1,0.9999795644580696,BAIXO,0.0,False,True
CI-0001,2026-12-01,1,1,0.9980530522628484,BAIXO,0.0,False,True
CI-0010,2026-12-01,1,1,0.999987600866639,BAIXO,0.0,False,True
CI-0022,2026-12-01,0,0,9.607391558396442e-09,BAIXO,0.0,False,False
CI-0023,2026-12-01,1,1,0.9999932174223429,BAIXO,0.0,False,True
CI-0024,2026-12-01,1,1,0.9768860809826468,BAIXO,0.0,False,True
CI-0046,2026-12-01,1,1,0.9982423498450581,BAIXO,0.0,False,True
CI-0045,2026-12-01,1,1,0.9971913135775996,BAIXO,0.0,False,True
CI-0044,2026-12-01,0,0,5.31504749156603e-10,BAIXO,0.0,False,False
CI-0043,2026-12-01,0,0,1.524335195626255e-06,BAIXO,0.0,False,False
CI-0042,2026-12-01,1,1,0.9917930783396095,BAIXO,0.0,False,True
CI-0041,2026-12-01,1,1,0.9999843145245769,BAIXO,0.0,False,True
CI-0040,2026-12-01,0,0,1.8174692032918793e-09,BAIXO,0.0,False,False
CI-0039,2026-12-01,0,0,4.845330753756689e-06,BAIXO,0.0,False,False
CI-0038,2026-12-01,0,0,4.4849297067868567e-08,BAIXO,0.0,False,False
CI-0037,2026-12-01,1,1,0.9998054021657506,BAIXO,0.0,False,True
CI-0036,2026-12-01,0,0,0.0006223648770973699,BAIXO,0.0,False,False
CI-0035,2026-12-01,0,0,0.0017000069107518552,BAIXO,0.0,False,False
CI-0034,2026-12-01,1,1,0.9980878680128814,BAIXO,0.0,False,True
CI-0033,2026-12-01,1,1,0.9999805254798114,BAIXO,0.0,False,True
CI-0032,2026-12-01,0,0,1.601296511882393e-06,BAIXO,0.0,False,False
CI-0031,2026-12-01,1,1,0.9998964727728851,BAIXO,0.0,False,True
CI-0030,2026-12-01,1,1,0.9839927406998771,BAIXO,0.0,False,True
CI-0029,2026-12-01,0,0,0.0005425159418337771,BAIXO,0.0,False,False
CI-0028,2026-12-01,1,1,0.9667441639716465,BAIXO,0.0,False,True
CI-0027,2026-12-01,1,1,0.9462050862186558,BAIXO,0.0,False,True
CI-0026,2026-12-01,0,0,5.04767965996085e-05,BAIXO,0.0,False,False
CI-0048,2026-12-01,1,1,0.9998715543062422,BAIXO,0.0,False,True
CI-0050,2026-12-01,1,1,0.9995634020253641,BAIXO,0.0,False,True
