caderno_inteligente_—_dados_fictícios_|_capacidade_semanal,unnamed:_1,unnamed:_2,unnamed:_3,unnamed:_4,unnamed:_5,unnamed:_6,unnamed:_7,unnamed:_8
,,,,,,,,
,Linha,Família,,,,,,
2026-09-14,Linha Cadernos,Clássico,18000.0,9540.0,5400.0,14940.0,3060.0,83.0
2026-09-14,Linha Escolar,Escolar,12000.0,8240.0,2800.0,11040.0,960.0,92.0
2026-09-14,Linha Refis,Refis,35000.0,20600.0,6000.0,26600.0,8400.0,76.0
2026-09-14,Linha Planner,Planner,8000.0,4920.0,1400.0,6320.0,1680.0,79.0
2026-09-14,Linha Acessórios,Acessórios,25000.0,12500.0,4500.0,17000.0,8000.0,68.0
2026-09-14,Linha Executivo,Executivo,7000.0,4330.0,1200.0,5530.0,1470.0,79.0
2026-09-21,Linha Cadernos,Clássico,18000.0,15300.0,0.0,15300.0,2700.0,85.0
2026-09-21,Linha Escolar,Escolar,12000.0,11280.0,0.0,11280.0,720.0,94.0
2026-09-21,Linha Refis,Refis,35000.0,25200.0,0.0,25200.0,9800.0,72.0
2026-09-21,Linha Planner,Planner,8000.0,6480.0,0.0,6480.0,1520.0,81.0
2026-09-21,Linha Acessórios,Acessórios,25000.0,17500.0,0.0,17500.0,7500.0,7.0
2026-09-21,Linha Executivo,Executivo,7000.0,5250.0,0.0,5250.0,1750.0,75.0
2026-09-28,Linha Cadernos,Clássico,18000.0,15660.0,0.0,15660.0,2340.0,87.0
2026-09-28,Linha Escolar,Escolar,12000.0,10800.0,0.0,10800.0,1200.0,9.0
2026-09-28,Linha Refis,Refis,35000.0,25900.0,0.0,25900.0,9100.0,74.0
2026-09-28,Linha Planner,Planner,8000.0,6640.0,0.0,6640.0,1360.0,83.0
2026-09-28,Linha Acessórios,Acessórios,25000.0,16500.0,0.0,16500.0,8500.0,66.0
2026-09-28,Linha Executivo,Executivo,7000.0,5390.0,0.0,5390.0,1610.0,77.0
2026-10-05,Linha Cadernos,Clássico,18000.0,14940.0,0.0,14940.0,3060.0,83.0
2026-10-05,Linha Escolar,Escolar,12000.0,11040.0,0.0,11040.0,960.0,92.0
2026-10-05,Linha Refis,Refis,35000.0,26600.0,0.0,26600.0,8400.0,76.0
2026-10-05,Linha Planner,Planner,8000.0,6320.0,0.0,6320.0,1680.0,79.0
2026-10-05,Linha Acessórios,Acessórios,25000.0,17000.0,0.0,17000.0,8000.0,68.0
2026-10-05,Linha Executivo,Executivo,7000.0,5530.0,0.0,5530.0,1470.0,79.0
2026-10-12,Linha Cadernos,Clássico,18000.0,15300.0,0.0,15300.0,2700.0,85.0
2026-10-12,Linha Escolar,Escolar,12000.0,11280.0,0.0,11280.0,720.0,94.0
2026-10-12,Linha Refis,Refis,35000.0,25200.0,0.0,25200.0,9800.0,72.0
2026-10-12,Linha Planner,Planner,8000.0,6480.0,0.0,6480.0,1520.0,81.0
2026-10-12,Linha Acessórios,Acessórios,25000.0,17500.0,0.0,17500.0,7500.0,7.0
2026-10-12,Linha Executivo,Executivo,7000.0,5250.0,0.0,5250.0,1750.0,75.0
2026-10-19,Linha Cadernos,Clássico,18000.0,15660.0,0.0,15660.0,2340.0,87.0
2026-10-19,Linha Escolar,Escolar,12000.0,10800.0,0.0,10800.0,1200.0,9.0
2026-10-19,Linha Refis,Refis,35000.0,25900.0,0.0,25900.0,9100.0,74.0
2026-10-19,Linha Planner,Planner,8000.0,6640.0,0.0,6640.0,1360.0,83.0
2026-10-19,Linha Acessórios,Acessórios,25000.0,16500.0,0.0,16500.0,8500.0,66.0
2026-10-19,Linha Executivo,Executivo,7000.0,5390.0,0.0,5390.0,1610.0,77.0
2026-10-26,Linha Cadernos,Clássico,18000.0,14940.0,0.0,14940.0,3060.0,83.0
2026-10-26,Linha Escolar,Escolar,12000.0,11040.0,0.0,11040.0,960.0,92.0
2026-10-26,Linha Refis,Refis,35000.0,26600.0,0.0,26600.0,8400.0,76.0
2026-10-26,Linha Planner,Planner,8000.0,6320.0,0.0,6320.0,1680.0,79.0
2026-10-26,Linha Acessórios,Acessórios,25000.0,17000.0,0.0,17000.0,8000.0,68.0
2026-10-26,Linha Executivo,Executivo,7000.0,5530.0,0.0,5530.0,1470.0,79.0
2026-11-02,Linha Cadernos,Clássico,18000.0,15300.0,0.0,15300.0,2700.0,85.0
2026-11-02,Linha Escolar,Escolar,12000.0,11280.0,0.0,11280.0,720.0,94.0
2026-11-02,Linha Refis,Refis,35000.0,25200.0,0.0,25200.0,9800.0,72.0
2026-11-02,Linha Planner,Planner,8000.0,6480.0,0.0,6480.0,1520.0,81.0
2026-11-02,Linha Acessórios,Acessórios,25000.0,17500.0,0.0,17500.0,7500.0,7.0
2026-11-02,Linha Executivo,Executivo,7000.0,5250.0,0.0,5250.0,1750.0,75.0
2026-11-09,Linha Cadernos,Clássico,18000.0,15660.0,0.0,15660.0,2340.0,87.0
2026-11-09,Linha Escolar,Escolar,12000.0,10800.0,0.0,10800.0,1200.0,9.0
2026-11-09,Linha Refis,Refis,35000.0,25900.0,0.0,25900.0,9100.0,74.0
2026-11-09,Linha Planner,Planner,8000.0,6640.0,0.0,6640.0,1360.0,83.0
2026-11-09,Linha Acessórios,Acessórios,25000.0,16500.0,0.0,16500.0,8500.0,66.0
2026-11-09,Linha Executivo,Executivo,7000.0,5390.0,0.0,5390.0,1610.0,77.0
2026-11-16,Linha Cadernos,Clássico,18000.0,15660.0,0.0,15660.0,2340.0,87.0
2026-11-16,Linha Escolar,Escolar,12000.0,11520.0,0.0,11520.0,480.0,96.0
2026-11-16,Linha Refis,Refis,35000.0,28000.0,0.0,28000.0,7000.0,8.0
2026-11-16,Linha Planner,Planner,8000.0,6640.0,0.0,6640.0,1360.0,83.0
2026-11-16,Linha Acessórios,Acessórios,25000.0,18000.0,0.0,18000.0,7000.0,72.0
2026-11-16,Linha Executivo,Executivo,7000.0,5810.0,0.0,5810.0,1190.0,83.0
2026-11-23,Linha Cadernos,Clássico,18000.0,16020.0,0.0,16020.0,1980.0,89.0
2026-11-23,Linha Escolar,Escolar,12000.0,11520.0,0.0,11520.0,480.0,96.0
2026-11-23,Linha Refis,Refis,35000.0,26600.0,0.0,26600.0,8400.0,76.0
2026-11-23,Linha Planner,Planner,8000.0,6800.0,0.0,6800.0,1200.0,85.0
2026-11-23,Linha Acessórios,Acessórios,25000.0,18500.0,0.0,18500.0,6500.0,74.0
2026-11-23,Linha Executivo,Executivo,7000.0,5530.0,0.0,5530.0,1470.0,79.0
2026-11-30,Linha Cadernos,Clássico,18000.0,16380.0,0.0,16380.0,1620.0,91.0
2026-11-30,Linha Escolar,Escolar,12000.0,11280.0,0.0,11280.0,720.0,94.0
2026-11-30,Linha Refis,Refis,35000.0,27300.0,0.0,27300.0,7700.0,78.0
2026-11-30,Linha Planner,Planner,8000.0,6960.0,0.0,6960.0,1040.0,87.0
2026-11-30,Linha Acessórios,Acessórios,25000.0,17500.0,0.0,17500.0,7500.0,7.0
2026-11-30,Linha Executivo,Executivo,7000.0,5670.0,0.0,5670.0,1330.0,81.0
2026-12-07,Linha Cadernos,Clássico,18000.0,15660.0,0.0,15660.0,2340.0,87.0
2026-12-07,Linha Escolar,Escolar,12000.0,11520.0,0.0,11520.0,480.0,96.0
2026-12-07,Linha Refis,Refis,35000.0,28000.0,0.0,28000.0,7000.0,8.0
2026-12-07,Linha Planner,Planner,8000.0,6640.0,0.0,6640.0,1360.0,83.0
2026-12-07,Linha Acessórios,Acessórios,25000.0,18000.0,0.0,18000.0,7000.0,72.0
2026-12-07,Linha Executivo,Executivo,7000.0,5810.0,0.0,5810.0,1190.0,83.0
2026-12-14,Linha Cadernos,Clássico,18000.0,16020.0,0.0,16020.0,1980.0,89.0
2026-12-14,Linha Escolar,Escolar,12000.0,11520.0,0.0,11520.0,480.0,96.0
2026-12-14,Linha Refis,Refis,35000.0,26600.0,0.0,26600.0,8400.0,76.0
2026-12-14,Linha Planner,Planner,8000.0,6800.0,0.0,6800.0,1200.0,85.0
2026-12-14,Linha Acessórios,Acessórios,25000.0,18500.0,0.0,18500.0,6500.0,74.0
2026-12-14,Linha Executivo,Executivo,7000.0,5530.0,0.0,5530.0,1470.0,79.0
2026-12-21,Linha Cadernos,Clássico,18000.0,16380.0,0.0,16380.0,1620.0,91.0
2026-12-21,Linha Escolar,Escolar,12000.0,11280.0,0.0,11280.0,720.0,94.0
2026-12-21,Linha Refis,Refis,35000.0,27300.0,0.0,27300.0,7700.0,78.0
2026-12-21,Linha Planner,Planner,8000.0,6960.0,0.0,6960.0,1040.0,87.0
2026-12-21,Linha Acessórios,Acessórios,25000.0,17500.0,0.0,17500.0,7500.0,7.0
2026-12-21,Linha Executivo,Executivo,7000.0,5670.0,0.0,5670.0,1330.0,81.0
2026-12-28,Linha Cadernos,Clássico,18000.0,14940.0,0.0,14940.0,3060.0,83.0
2026-12-28,Linha Escolar,Escolar,12000.0,11040.0,0.0,11040.0,960.0,92.0
2026-12-28,Linha Refis,Refis,35000.0,26600.0,0.0,26600.0,8400.0,76.0
2026-12-28,Linha Planner,Planner,8000.0,6320.0,0.0,6320.0,1680.0,79.0
2026-12-28,Linha Acessórios,Acessórios,25000.0,17000.0,0.0,17000.0,8000.0,68.0
2026-12-28,Linha Executivo,Executivo,7000.0,5530.0,0.0,5530.0,1470.0,79.0
