caderno_inteligente_—_dados_fictícios_|_estoque_atual,unnamed:_1,unnamed:_2,unnamed:_3,unnamed:_4,unnamed:_5
,,,,,
SKU,,,,,Local
CI-0001,90.0,18.0,7.0,150.0,CD Central
CI-0002,40.0,6.0,10.0,201.0,CD Central
CI-0003,462.0,55.0,13.0,252.0,CD Central
CI-0004,303.0,30.0,16.0,303.0,CD Central
CI-0005,649.0,55.0,19.0,354.0,CD Central
CI-0006,135.0,10.0,7.0,405.0,CD Central
CI-0007,456.0,30.0,10.0,456.0,CD Central
CI-0008,304.0,18.0,13.0,507.0,CD Central
CI-0009,1023.0,55.0,16.0,558.0,CD Central
CI-0010,121.0,6.0,19.0,609.0,CD Central
CI-0011,660.0,30.0,7.0,660.0,CD Central
CI-0012,711.0,30.0,10.0,711.0,CD Central
CI-0013,1397.0,55.0,13.0,762.0,CD Central
CI-0014,1490.0,55.0,16.0,813.0,CD Central
CI-0015,288.0,10.0,19.0,864.0,CD Central
CI-0016,150.0,30.0,7.0,150.0,CD Central
CI-0017,40.0,6.0,10.0,201.0,CD Central
CI-0018,50.0,6.0,13.0,252.0,CD Central
CI-0019,181.0,18.0,16.0,303.0,CD Central
CI-0020,354.0,30.0,19.0,354.0,CD Central
CI-0021,1485.0,110.0,7.0,405.0,CD Central
CI-0022,1672.0,110.0,10.0,456.0,CD Central
CI-0023,101.0,6.0,13.0,507.0,CD Central
CI-0024,558.0,30.0,16.0,558.0,CD Central
CI-0025,365.0,18.0,19.0,609.0,CD Central
CI-0026,1210.0,55.0,7.0,660.0,CD Central
CI-0027,711.0,30.0,10.0,711.0,CD Central
CI-0028,762.0,30.0,13.0,762.0,CD Central
CI-0029,1490.0,55.0,16.0,813.0,CD Central
CI-0030,864.0,30.0,19.0,864.0,CD Central
CI-0031,50.0,10.0,7.0,150.0,CD Central
CI-0032,737.0,110.0,10.0,201.0,CD Central
CI-0033,50.0,6.0,13.0,252.0,CD Central
CI-0034,181.0,18.0,16.0,303.0,CD Central
CI-0035,649.0,55.0,19.0,354.0,CD Central
CI-0036,742.0,55.0,7.0,405.0,CD Central
CI-0037,152.0,10.0,10.0,456.0,CD Central
CI-0038,1858.0,110.0,13.0,507.0,CD Central
CI-0039,1581.0,85.0,16.0,558.0,CD Central
CI-0040,2233.0,110.0,19.0,609.0,CD Central
CI-0041,132.0,6.0,7.0,660.0,CD Central
CI-0042,711.0,30.0,10.0,711.0,CD Central
CI-0043,2159.0,85.0,13.0,762.0,CD Central
CI-0044,2981.0,110.0,16.0,813.0,CD Central
CI-0045,518.0,18.0,19.0,864.0,CD Central
CI-0046,90.0,18.0,7.0,150.0,CD Central
CI-0047,67.0,10.0,10.0,201.0,CD Central
CI-0048,84.0,10.0,13.0,252.0,CD Central
CI-0049,60.0,6.0,16.0,303.0,CD Central
CI-0050,118.0,10.0,19.0,354.0,CD Central
