caderno_inteligente_—_dados_fictícios_|_historico_estoque,unnamed:_1,unnamed:_2,unnamed:_3
,,,
Mês,SKU,,
2025-09,CI-0001,89.0,18.0
2025-10,CI-0001,111.0,22.0
2025-11,CI-0001,128.0,26.0
2025-12,CI-0001,54.0,11.0
2026-01,CI-0001,57.0,11.0
2026-02,CI-0001,123.0,25.0
2026-03,CI-0001,98.0,20.0
2026-04,CI-0001,69.0,14.0
2026-05,CI-0001,120.0,24.0
2026-06,CI-0001,70.0,14.0
2026-07,CI-0001,60.0,12.0
2026-08,CI-0001,124.0,25.0
2025-09,CI-0002,35.0,5.0
2025-10,CI-0002,52.0,8.0
2025-11,CI-0002,49.0,7.0
2025-12,CI-0002,33.0,5.0
2026-01,CI-0002,45.0,7.0
2026-02,CI-0002,56.0,8.0
2026-03,CI-0002,33.0,5.0
2026-04,CI-0002,25.0,4.0
2026-05,CI-0002,23.0,4.0
2026-06,CI-0002,23.0,4.0
2026-07,CI-0002,55.0,8.0
2026-08,CI-0002,50.0,8.0
2025-09,CI-0003,337.0,40.0
2025-10,CI-0003,298.0,36.0
2025-11,CI-0003,309.0,37.0
2025-12,CI-0003,550.0,66.0
2026-01,CI-0003,488.0,58.0
2026-02,CI-0003,637.0,76.0
2026-03,CI-0003,259.0,31.0
2026-04,CI-0003,538.0,64.0
2026-05,CI-0003,483.0,58.0
2026-06,CI-0003,324.0,39.0
2026-07,CI-0003,479.0,57.0
2026-08,CI-0003,431.0,51.0
2025-09,CI-0004,376.0,37.0
2025-10,CI-0004,217.0,21.0
2025-11,CI-0004,255.0,25.0
2025-12,CI-0004,419.0,42.0
2026-01,CI-0004,261.0,26.0
2026-02,CI-0004,426.0,42.0
2026-03,CI-0004,393.0,39.0
2026-04,CI-0004,245.0,24.0
2026-05,CI-0004,413.0,41.0
2026-06,CI-0004,369.0,37.0
2026-07,CI-0004,234.0,23.0
2026-08,CI-0004,212.0,21.0
2025-09,CI-0005,729.0,62.0
2025-10,CI-0005,525.0,45.0
2025-11,CI-0005,728.0,62.0
2025-12,CI-0005,663.0,56.0
2026-01,CI-0005,928.0,79.0
2026-02,CI-0005,849.0,72.0
2026-03,CI-0005,384.0,33.0
2026-04,CI-0005,733.0,62.0
2026-05,CI-0005,369.0,31.0
2026-06,CI-0005,419.0,36.0
2026-07,CI-0005,568.0,48.0
2026-08,CI-0005,804.0,68.0
2025-09,CI-0006,86.0,6.0
2025-10,CI-0006,99.0,7.0
2025-11,CI-0006,101.0,7.0
2025-12,CI-0006,132.0,10.0
2026-01,CI-0006,149.0,11.0
2026-02,CI-0006,123.0,9.0
2026-03,CI-0006,147.0,11.0
2026-04,CI-0006,142.0,11.0
2026-05,CI-0006,193.0,14.0
2026-06,CI-0006,115.0,9.0
2026-07,CI-0006,132.0,10.0
2026-08,CI-0006,144.0,11.0
2025-09,CI-0007,333.0,22.0
2025-10,CI-0007,578.0,38.0
2025-11,CI-0007,540.0,36.0
2025-12,CI-0007,583.0,38.0
2026-01,CI-0007,543.0,36.0
2026-02,CI-0007,595.0,39.0
2026-03,CI-0007,265.0,17.0
2026-04,CI-0007,397.0,26.0
2026-05,CI-0007,275.0,18.0
2026-06,CI-0007,600.0,40.0
2026-07,CI-0007,459.0,30.0
2026-08,CI-0007,437.0,29.0
2025-09,CI-0008,251.0,15.0
2025-10,CI-0008,376.0,22.0
2025-11,CI-0008,310.0,18.0
2025-12,CI-0008,267.0,16.0
2026-01,CI-0008,351.0,21.0
2026-02,CI-0008,335.0,20.0
2026-03,CI-0008,377.0,22.0
2026-04,CI-0008,190.0,11.0
2026-05,CI-0008,228.0,14.0
2026-06,CI-0008,294.0,17.0
2026-07,CI-0008,320.0,19.0
2026-08,CI-0008,382.0,23.0
2025-09,CI-0009,1450.0,78.0
2025-10,CI-0009,737.0,40.0
2025-11,CI-0009,1458.0,78.0
2025-12,CI-0009,947.0,51.0
2026-01,CI-0009,848.0,46.0
2026-02,CI-0009,807.0,43.0
2026-03,CI-0009,765.0,41.0
2026-04,CI-0009,660.0,36.0
2026-05,CI-0009,665.0,36.0
2026-06,CI-0009,598.0,32.0
2026-07,CI-0009,772.0,42.0
2026-08,CI-0009,716.0,39.0
2025-09,CI-0010,161.0,8.0
2025-10,CI-0010,84.0,4.0
2025-11,CI-0010,155.0,8.0
2025-12,CI-0010,132.0,7.0
2026-01,CI-0010,79.0,4.0
2026-02,CI-0010,70.0,4.0
2026-03,CI-0010,160.0,8.0
2026-04,CI-0010,80.0,4.0
2026-05,CI-0010,83.0,4.0
2026-06,CI-0010,134.0,7.0
2026-07,CI-0010,106.0,5.0
2026-08,CI-0010,157.0,8.0
2025-09,CI-0011,490.0,22.0
2025-10,CI-0011,900.0,41.0
2025-11,CI-0011,701.0,32.0
2025-12,CI-0011,597.0,27.0
2026-01,CI-0011,395.0,18.0
2026-02,CI-0011,955.0,43.0
2026-03,CI-0011,534.0,24.0
2026-04,CI-0011,391.0,18.0
2026-05,CI-0011,824.0,37.0
2026-06,CI-0011,776.0,35.0
2026-07,CI-0011,835.0,38.0
2026-08,CI-0011,908.0,41.0
2025-09,CI-0012,809.0,34.0
2025-10,CI-0012,501.0,21.0
2025-11,CI-0012,443.0,19.0
2025-12,CI-0012,734.0,31.0
2026-01,CI-0012,417.0,18.0
2026-02,CI-0012,964.0,41.0
2026-03,CI-0012,663.0,28.0
2026-04,CI-0012,624.0,26.0
2026-05,CI-0012,620.0,26.0
2026-06,CI-0012,969.0,41.0
2026-07,CI-0012,849.0,36.0
2026-08,CI-0012,641.0,27.0
2025-09,CI-0013,1481.0,58.0
2025-10,CI-0013,1294.0,51.0
2025-11,CI-0013,1512.0,60.0
2025-12,CI-0013,1214.0,48.0
2026-01,CI-0013,1374.0,54.0
2026-02,CI-0013,1469.0,58.0
2026-03,CI-0013,1527.0,60.0
2026-04,CI-0013,884.0,35.0
2026-05,CI-0013,1503.0,59.0
2026-06,CI-0013,1229.0,48.0
2026-07,CI-0013,1050.0,41.0
2026-08,CI-0013,1823.0,72.0
2025-09,CI-0014,1613.0,60.0
2025-10,CI-0014,1814.0,67.0
2025-11,CI-0014,1364.0,50.0
2025-12,CI-0014,872.0,32.0
2026-01,CI-0014,1960.0,72.0
2026-02,CI-0014,1759.0,65.0
2026-03,CI-0014,1648.0,61.0
2026-04,CI-0014,1052.0,39.0
2026-05,CI-0014,2133.0,79.0
2026-06,CI-0014,834.0,31.0
2026-07,CI-0014,1573.0,58.0
2026-08,CI-0014,1857.0,69.0
2025-09,CI-0015,242.0,8.0
2025-10,CI-0015,345.0,12.0
2025-11,CI-0015,380.0,13.0
2025-12,CI-0015,268.0,9.0
2026-01,CI-0015,174.0,6.0
2026-02,CI-0015,242.0,8.0
2026-03,CI-0015,290.0,10.0
2026-04,CI-0015,252.0,9.0
2026-05,CI-0015,170.0,6.0
2026-06,CI-0015,384.0,13.0
2026-07,CI-0015,200.0,7.0
2026-08,CI-0015,416.0,14.0
2025-09,CI-0016,114.0,23.0
2025-10,CI-0016,132.0,27.0
2025-11,CI-0016,205.0,41.0
2025-12,CI-0016,184.0,37.0
2026-01,CI-0016,209.0,42.0
2026-02,CI-0016,164.0,33.0
2026-03,CI-0016,112.0,22.0
2026-04,CI-0016,198.0,40.0
2026-05,CI-0016,184.0,37.0
2026-06,CI-0016,205.0,41.0
2026-07,CI-0016,150.0,30.0
2026-08,CI-0016,135.0,27.0
2025-09,CI-0017,25.0,4.0
2025-10,CI-0017,26.0,4.0
2025-11,CI-0017,55.0,8.0
2025-12,CI-0017,51.0,8.0
2026-01,CI-0017,57.0,9.0
2026-02,CI-0017,54.0,8.0
2026-03,CI-0017,36.0,5.0
2026-04,CI-0017,38.0,6.0
2026-05,CI-0017,57.0,9.0
2026-06,CI-0017,37.0,6.0
2026-07,CI-0017,26.0,4.0
2026-08,CI-0017,30.0,5.0
2025-09,CI-0018,31.0,4.0
2025-10,CI-0018,42.0,5.0
2025-11,CI-0018,71.0,9.0
2025-12,CI-0018,68.0,8.0
2026-01,CI-0018,42.0,5.0
2026-02,CI-0018,63.0,8.0
2026-03,CI-0018,54.0,7.0
2026-04,CI-0018,62.0,7.0
2026-05,CI-0018,68.0,8.0
2026-06,CI-0018,61.0,7.0
2026-07,CI-0018,70.0,8.0
2026-08,CI-0018,53.0,6.0
2025-09,CI-0019,243.0,24.0
2025-10,CI-0019,140.0,14.0
2025-11,CI-0019,123.0,12.0
2025-12,CI-0019,245.0,24.0
2026-01,CI-0019,199.0,20.0
2026-02,CI-0019,127.0,13.0
2026-03,CI-0019,241.0,24.0
2026-04,CI-0019,103.0,10.0
2026-05,CI-0019,232.0,23.0
2026-06,CI-0019,215.0,21.0
2026-07,CI-0019,214.0,21.0
2026-08,CI-0019,237.0,24.0
2025-09,CI-0020,235.0,20.0
2025-10,CI-0020,250.0,21.0
2025-11,CI-0020,275.0,23.0
2025-12,CI-0020,431.0,37.0
2026-01,CI-0020,195.0,17.0
2026-02,CI-0020,355.0,30.0
2026-03,CI-0020,509.0,43.0
2026-04,CI-0020,364.0,31.0
2026-05,CI-0020,229.0,19.0
2026-06,CI-0020,246.0,21.0
2026-07,CI-0020,461.0,39.0
2026-08,CI-0020,265.0,22.0
2025-09,CI-0021,1260.0,93.0
2025-10,CI-0021,2147.0,159.0
2025-11,CI-0021,1966.0,146.0
2025-12,CI-0021,1153.0,85.0
2026-01,CI-0021,1694.0,125.0
2026-02,CI-0021,1945.0,144.0
2026-03,CI-0021,1874.0,139.0
2026-04,CI-0021,1191.0,88.0
2026-05,CI-0021,869.0,64.0
2026-06,CI-0021,1260.0,93.0
2026-07,CI-0021,1352.0,100.0
2026-08,CI-0021,1984.0,147.0
2025-09,CI-0022,1994.0,131.0
2025-10,CI-0022,1590.0,105.0
2025-11,CI-0022,1972.0,130.0
2025-12,CI-0022,943.0,62.0
2026-01,CI-0022,1085.0,71.0
2026-02,CI-0022,1809.0,119.0
2026-03,CI-0022,1851.0,122.0
2026-04,CI-0022,1416.0,93.0
2026-05,CI-0022,2229.0,147.0
2026-06,CI-0022,1196.0,79.0
2026-07,CI-0022,2416.0,159.0
2026-08,CI-0022,1034.0,68.0
2025-09,CI-0023,85.0,5.0
2025-10,CI-0023,116.0,7.0
2025-11,CI-0023,61.0,4.0
2025-12,CI-0023,66.0,4.0
2026-01,CI-0023,66.0,4.0
2026-02,CI-0023,126.0,8.0
2026-03,CI-0023,91.0,5.0
2026-04,CI-0023,108.0,6.0
2026-05,CI-0023,76.0,5.0
2026-06,CI-0023,88.0,5.0
2026-07,CI-0023,142.0,8.0
2026-08,CI-0023,109.0,7.0
2025-09,CI-0024,770.0,41.0
2025-10,CI-0024,531.0,29.0
2025-11,CI-0024,583.0,31.0
2025-12,CI-0024,599.0,32.0
2026-01,CI-0024,634.0,34.0
2026-02,CI-0024,750.0,40.0
2026-03,CI-0024,404.0,22.0
2026-04,CI-0024,783.0,42.0
2026-05,CI-0024,642.0,35.0
2026-06,CI-0024,439.0,24.0
2026-07,CI-0024,336.0,18.0
2026-08,CI-0024,600.0,32.0
2025-09,CI-0025,223.0,11.0
2025-10,CI-0025,466.0,23.0
2025-11,CI-0025,397.0,20.0
2025-12,CI-0025,347.0,17.0
2026-01,CI-0025,473.0,23.0
2026-02,CI-0025,437.0,22.0
2026-03,CI-0025,204.0,10.0
2026-04,CI-0025,314.0,15.0
2026-05,CI-0025,334.0,17.0
2026-06,CI-0025,246.0,12.0
2026-07,CI-0025,501.0,25.0
2026-08,CI-0025,367.0,18.0
2025-09,CI-0026,715.0,33.0
2025-10,CI-0026,1082.0,49.0
2025-11,CI-0026,1472.0,67.0
2025-12,CI-0026,1541.0,70.0
2026-01,CI-0026,806.0,37.0
2026-02,CI-0026,1538.0,70.0
2026-03,CI-0026,863.0,39.0
2026-04,CI-0026,818.0,37.0
2026-05,CI-0026,792.0,36.0
2026-06,CI-0026,1183.0,54.0
2026-07,CI-0026,1640.0,75.0
2026-08,CI-0026,1412.0,64.0
2025-09,CI-0027,724.0,31.0
2025-10,CI-0027,1030.0,43.0
2025-11,CI-0027,460.0,19.0
2025-12,CI-0027,920.0,39.0
2026-01,CI-0027,944.0,40.0
2026-02,CI-0027,901.0,38.0
2026-03,CI-0027,862.0,36.0
2026-04,CI-0027,826.0,35.0
2026-05,CI-0027,870.0,37.0
2026-06,CI-0027,402.0,17.0
2026-07,CI-0027,1029.0,43.0
2026-08,CI-0027,929.0,39.0
2025-09,CI-0028,679.0,27.0
2025-10,CI-0028,787.0,31.0
2025-11,CI-0028,655.0,26.0
2025-12,CI-0028,468.0,18.0
2026-01,CI-0028,674.0,27.0
2026-02,CI-0028,964.0,38.0
2026-03,CI-0028,459.0,18.0
2026-04,CI-0028,644.0,25.0
2026-05,CI-0028,749.0,30.0
2026-06,CI-0028,679.0,27.0
2026-07,CI-0028,959.0,38.0
2026-08,CI-0028,479.0,19.0
2025-09,CI-0029,1653.0,61.0
2025-10,CI-0029,1169.0,43.0
2025-11,CI-0029,2148.0,79.0
2025-12,CI-0029,2015.0,74.0
2026-01,CI-0029,1243.0,46.0
2026-02,CI-0029,1062.0,39.0
2026-03,CI-0029,1351.0,50.0
2026-04,CI-0029,2142.0,79.0
2026-05,CI-0029,1406.0,52.0
2026-06,CI-0029,1454.0,54.0
2026-07,CI-0029,1653.0,61.0
2026-08,CI-0029,1070.0,40.0
2025-09,CI-0030,819.0,28.0
2025-10,CI-0030,765.0,27.0
2025-11,CI-0030,730.0,25.0
2025-12,CI-0030,782.0,27.0
2026-01,CI-0030,819.0,28.0
2026-02,CI-0030,818.0,28.0
2026-03,CI-0030,1127.0,39.0
2026-04,CI-0030,1012.0,35.0
2026-05,CI-0030,1069.0,37.0
2026-06,CI-0030,913.0,32.0
2026-07,CI-0030,1035.0,36.0
2026-08,CI-0030,948.0,33.0
2025-09,CI-0031,58.0,12.0
2025-10,CI-0031,51.0,10.0
2025-11,CI-0031,33.0,7.0
2025-12,CI-0031,48.0,10.0
2026-01,CI-0031,39.0,8.0
2026-02,CI-0031,46.0,9.0
2026-03,CI-0031,54.0,11.0
2026-04,CI-0031,34.0,7.0
2026-05,CI-0031,34.0,7.0
2026-06,CI-0031,27.0,6.0
2026-07,CI-0031,52.0,11.0
2026-08,CI-0031,54.0,11.0
2025-09,CI-0032,985.0,147.0
2025-10,CI-0032,435.0,65.0
2025-11,CI-0032,526.0,79.0
2025-12,CI-0032,501.0,75.0
2026-01,CI-0032,992.0,148.0
2026-02,CI-0032,693.0,104.0
2026-03,CI-0032,597.0,89.0
2026-04,CI-0032,874.0,131.0
2026-05,CI-0032,484.0,72.0
2026-06,CI-0032,431.0,64.0
2026-07,CI-0032,499.0,75.0
2026-08,CI-0032,786.0,117.0
2025-09,CI-0033,50.0,6.0
2025-10,CI-0033,56.0,7.0
2025-11,CI-0033,62.0,8.0
2025-12,CI-0033,46.0,6.0
2026-01,CI-0033,71.0,9.0
2026-02,CI-0033,28.0,3.0
2026-03,CI-0033,59.0,7.0
2026-04,CI-0033,34.0,4.0
2026-05,CI-0033,46.0,6.0
2026-06,CI-0033,28.0,3.0
2026-07,CI-0033,58.0,7.0
2026-08,CI-0033,33.0,4.0
2025-09,CI-0034,191.0,19.0
2025-10,CI-0034,211.0,21.0
2025-11,CI-0034,146.0,15.0
2025-12,CI-0034,194.0,19.0
2026-01,CI-0034,115.0,12.0
2026-02,CI-0034,252.0,25.0
2026-03,CI-0034,195.0,19.0
2026-04,CI-0034,117.0,12.0
2026-05,CI-0034,221.0,22.0
2026-06,CI-0034,191.0,19.0
2026-07,CI-0034,177.0,18.0
2026-08,CI-0034,251.0,25.0
2025-09,CI-0035,456.0,39.0
2025-10,CI-0035,727.0,62.0
2025-11,CI-0035,481.0,41.0
2025-12,CI-0035,365.0,31.0
2026-01,CI-0035,738.0,63.0
2026-02,CI-0035,889.0,75.0
2026-03,CI-0035,537.0,46.0
2026-04,CI-0035,814.0,69.0
2026-05,CI-0035,912.0,77.0
2026-06,CI-0035,892.0,76.0
2026-07,CI-0035,557.0,47.0
2026-08,CI-0035,886.0,75.0
2025-09,CI-0036,817.0,61.0
2025-10,CI-0036,726.0,54.0
2025-11,CI-0036,429.0,32.0
2025-12,CI-0036,592.0,44.0
2026-01,CI-0036,928.0,69.0
2026-02,CI-0036,706.0,52.0
2026-03,CI-0036,644.0,48.0
2026-04,CI-0036,583.0,43.0
2026-05,CI-0036,589.0,44.0
2026-06,CI-0036,608.0,45.0
2026-07,CI-0036,867.0,64.0
2026-08,CI-0036,671.0,50.0
2025-09,CI-0037,137.0,9.0
2025-10,CI-0037,150.0,10.0
2025-11,CI-0037,163.0,11.0
2025-12,CI-0037,91.0,6.0
2026-01,CI-0037,174.0,11.0
2026-02,CI-0037,118.0,8.0
2026-03,CI-0037,129.0,9.0
2026-04,CI-0037,151.0,10.0
2026-05,CI-0037,89.0,6.0
2026-06,CI-0037,198.0,13.0
2026-07,CI-0037,190.0,13.0
2026-08,CI-0037,113.0,7.0
2025-09,CI-0038,2685.0,159.0
2025-10,CI-0038,1108.0,66.0
2025-11,CI-0038,1515.0,90.0
2025-12,CI-0038,1771.0,105.0
2026-01,CI-0038,2032.0,120.0
2026-02,CI-0038,1255.0,74.0
2026-03,CI-0038,2673.0,158.0
2026-04,CI-0038,1714.0,101.0
2026-05,CI-0038,1737.0,103.0
2026-06,CI-0038,2173.0,129.0
2026-07,CI-0038,1169.0,69.0
2026-08,CI-0038,2179.0,129.0
2025-09,CI-0039,1049.0,56.0
2025-10,CI-0039,1620.0,87.0
2025-11,CI-0039,1443.0,78.0
2025-12,CI-0039,1280.0,69.0
2026-01,CI-0039,882.0,47.0
2026-02,CI-0039,2149.0,116.0
2026-03,CI-0039,1059.0,57.0
2026-04,CI-0039,935.0,50.0
2026-05,CI-0039,1323.0,71.0
2026-06,CI-0039,1283.0,69.0
2026-07,CI-0039,910.0,49.0
2026-08,CI-0039,2158.0,116.0
2025-09,CI-0040,2343.0,115.0
2025-10,CI-0040,2433.0,120.0
2025-11,CI-0040,1842.0,91.0
2025-12,CI-0040,2375.0,117.0
2026-01,CI-0040,1529.0,75.0
2026-02,CI-0040,2043.0,101.0
2026-03,CI-0040,1862.0,92.0
2026-04,CI-0040,1342.0,66.0
2026-05,CI-0040,2435.0,120.0
2026-06,CI-0040,2816.0,139.0
2026-07,CI-0040,2292.0,113.0
2026-08,CI-0040,1732.0,85.0
2025-09,CI-0041,171.0,8.0
2025-10,CI-0041,137.0,6.0
2025-11,CI-0041,86.0,4.0
2025-12,CI-0041,176.0,8.0
2026-01,CI-0041,187.0,9.0
2026-02,CI-0041,128.0,6.0
2026-03,CI-0041,169.0,8.0
2026-04,CI-0041,119.0,5.0
2026-05,CI-0041,119.0,5.0
2026-06,CI-0041,135.0,6.0
2026-07,CI-0041,106.0,5.0
2026-08,CI-0041,155.0,7.0
2025-09,CI-0042,950.0,40.0
2025-10,CI-0042,957.0,40.0
2025-11,CI-0042,707.0,30.0
2025-12,CI-0042,537.0,23.0
2026-01,CI-0042,575.0,24.0
2026-02,CI-0042,933.0,39.0
2026-03,CI-0042,765.0,32.0
2026-04,CI-0042,884.0,37.0
2026-05,CI-0042,672.0,28.0
2026-06,CI-0042,950.0,40.0
2026-07,CI-0042,751.0,32.0
2026-08,CI-0042,518.0,22.0
2025-09,CI-0043,3024.0,119.0
2025-10,CI-0043,2509.0,99.0
2025-11,CI-0043,2018.0,79.0
2025-12,CI-0043,2543.0,100.0
2026-01,CI-0043,1761.0,69.0
2026-02,CI-0043,2363.0,93.0
2026-03,CI-0043,1785.0,70.0
2026-04,CI-0043,2124.0,84.0
2026-05,CI-0043,2648.0,104.0
2026-06,CI-0043,2369.0,93.0
2026-07,CI-0043,2974.0,117.0
2026-08,CI-0043,2395.0,94.0
2025-09,CI-0044,3245.0,120.0
2025-10,CI-0044,1973.0,73.0
2025-11,CI-0044,4224.0,156.0
2025-12,CI-0044,2070.0,76.0
2026-01,CI-0044,2465.0,91.0
2026-02,CI-0044,2042.0,75.0
2026-03,CI-0044,4104.0,151.0
2026-04,CI-0044,3573.0,132.0
2026-05,CI-0044,2932.0,108.0
2026-06,CI-0044,2280.0,84.0
2026-07,CI-0044,3712.0,137.0
2026-08,CI-0044,3491.0,129.0
2025-09,CI-0045,570.0,20.0
2025-10,CI-0045,445.0,15.0
2025-11,CI-0045,653.0,23.0
2025-12,CI-0045,334.0,12.0
2026-01,CI-0045,335.0,12.0
2026-02,CI-0045,447.0,16.0
2026-03,CI-0045,469.0,16.0
2026-04,CI-0045,410.0,14.0
2026-05,CI-0045,559.0,19.0
2026-06,CI-0045,711.0,25.0
2026-07,CI-0045,712.0,25.0
2026-08,CI-0045,296.0,10.0
2025-09,CI-0046,73.0,15.0
2025-10,CI-0046,68.0,14.0
2025-11,CI-0046,94.0,19.0
2025-12,CI-0046,123.0,25.0
2026-01,CI-0046,83.0,17.0
2026-02,CI-0046,82.0,16.0
2026-03,CI-0046,81.0,16.0
2026-04,CI-0046,52.0,11.0
2026-05,CI-0046,62.0,13.0
2026-06,CI-0046,89.0,18.0
2026-07,CI-0046,54.0,11.0
2026-08,CI-0046,62.0,12.0
2025-09,CI-0047,67.0,10.0
2025-10,CI-0047,71.0,11.0
2025-11,CI-0047,37.0,6.0
2025-12,CI-0047,96.0,14.0
2026-01,CI-0047,69.0,10.0
2026-02,CI-0047,46.0,7.0
2026-03,CI-0047,51.0,8.0
2026-04,CI-0047,79.0,12.0
2026-05,CI-0047,37.0,6.0
2026-06,CI-0047,50.0,8.0
2026-07,CI-0047,65.0,10.0
2026-08,CI-0047,86.0,13.0
2025-09,CI-0048,106.0,13.0
2025-10,CI-0048,89.0,11.0
2025-11,CI-0048,114.0,14.0
2025-12,CI-0048,68.0,8.0
2026-01,CI-0048,108.0,13.0
2026-02,CI-0048,73.0,9.0
2026-03,CI-0048,76.0,9.0
2026-04,CI-0048,73.0,9.0
2026-05,CI-0048,97.0,12.0
2026-06,CI-0048,80.0,10.0
2026-07,CI-0048,92.0,11.0
2026-08,CI-0048,114.0,14.0
2025-09,CI-0049,76.0,8.0
2025-10,CI-0049,63.0,6.0
2025-11,CI-0049,86.0,9.0
2025-12,CI-0049,54.0,5.0
2026-01,CI-0049,56.0,6.0
2026-02,CI-0049,44.0,4.0
2026-03,CI-0049,77.0,8.0
2026-04,CI-0049,35.0,4.0
2026-05,CI-0049,64.0,6.0
2026-06,CI-0049,65.0,7.0
2026-07,CI-0049,54.0,5.0
2026-08,CI-0049,80.0,8.0
2025-09,CI-0050,111.0,9.0
2025-10,CI-0050,111.0,9.0
2025-11,CI-0050,75.0,6.0
2025-12,CI-0050,152.0,13.0
2026-01,CI-0050,131.0,11.0
2026-02,CI-0050,139.0,12.0
2026-03,CI-0050,140.0,12.0
2026-04,CI-0050,167.0,14.0
2026-05,CI-0050,80.0,7.0
2026-06,CI-0050,95.0,8.0
2026-07,CI-0050,148.0,13.0
2026-08,CI-0050,106.0,9.0
