caderno_inteligente_—_dados_fictícios_|_lead_times,unnamed:_1,unnamed:_2,unnamed:_3,unnamed:_4
,,,,
,Família,,,Origem
,Clássico,14.0,300.0,Misto
,Clássico,15.0,300.0,Misto
,Clássico,16.0,300.0,Fornecedor nacional
,Planner,21.0,200.0,Produção interna
,Refis,11.0,500.0,Fornecedor nacional
,Refis,12.0,500.0,Produção interna
,Acessórios,12.0,300.0,Misto
,Acessórios,13.0,300.0,Misto
,Acessórios,14.0,300.0,Fornecedor nacional
,Acessórios,12.0,300.0,Fornecedor nacional
,Clássico,15.0,300.0,Fornecedor nacional
,Clássico,16.0,300.0,Produção interna
,Refis,10.0,500.0,Fornecedor nacional
,Escolar,21.0,400.0,Produção interna
,Executivo,27.0,200.0,Misto
,Escolar,20.0,400.0,Fornecedor nacional
,Planner,22.0,200.0,Fornecedor nacional
,Refis,12.0,500.0,Misto
,Acessórios,13.0,300.0,Fornecedor nacional
,Executivo,25.0,200.0,Produção interna
,Refis,11.0,500.0,Produção interna
,Acessórios,14.0,300.0,Produção interna
,Clássico,14.0,300.0,Produção interna
,Planner,22.0,200.0,Misto
,Refis,10.0,500.0,Misto
,Acessórios,13.0,300.0,Produção interna
,Clássico,16.0,300.0,Misto
,Refis,11.0,500.0,Misto
,Escolar,22.0,400.0,Misto
,Escolar,21.0,400.0,Fornecedor nacional
,Planner,23.0,200.0,Produção interna
,Acessórios,14.0,300.0,Misto
,Executivo,26.0,200.0,Produção interna
,Escolar,21.0,400.0,Misto
