caderno_inteligente_—_dados_fictícios_|_sell_in,unnamed:_1,unnamed:_2,unnamed:_3
,,,
Mês,Cliente,SKU,
2025-09,KA-01,CI-0002,48.0
2025-10,KA-01,CI-0002,49.0
2025-11,KA-01,CI-0002,24.0
2025-12,KA-01,CI-0002,50.0
2026-01,KA-01,CI-0002,35.0
2026-02,KA-01,CI-0002,37.0
2026-03,KA-01,CI-0002,33.0
2026-04,KA-01,CI-0002,30.0
2026-05,KA-01,CI-0002,50.0
2026-06,KA-01,CI-0002,51.0
2026-07,KA-01,CI-0002,46.0
2026-08,KA-01,CI-0002,29.0
2025-09,KA-01,CI-0005,64.0
2025-10,KA-01,CI-0005,106.0
2025-11,KA-01,CI-0005,73.0
2025-12,KA-01,CI-0005,71.0
2026-01,KA-01,CI-0005,34.0
2026-02,KA-01,CI-0005,89.0
2026-03,KA-01,CI-0005,35.0
2026-04,KA-01,CI-0005,93.0
2026-05,KA-01,CI-0005,58.0
2026-06,KA-01,CI-0005,41.0
2026-07,KA-01,CI-0005,95.0
2026-08,KA-01,CI-0005,73.0
2025-09,KA-01,CI-0008,112.0
2025-10,KA-01,CI-0008,85.0
2025-11,KA-01,CI-0008,123.0
2025-12,KA-01,CI-0008,103.0
2026-01,KA-01,CI-0008,103.0
2026-02,KA-01,CI-0008,67.0
2026-03,KA-01,CI-0008,116.0
2026-04,KA-01,CI-0008,84.0
2026-05,KA-01,CI-0008,115.0
2026-06,KA-01,CI-0008,101.0
2026-07,KA-01,CI-0008,97.0
2026-08,KA-01,CI-0008,109.0
2025-09,KA-01,CI-0011,83.0
2025-10,KA-01,CI-0011,124.0
2025-11,KA-01,CI-0011,156.0
2025-12,KA-01,CI-0011,166.0
2026-01,KA-01,CI-0011,121.0
2026-02,KA-01,CI-0011,94.0
2026-03,KA-01,CI-0011,126.0
2026-04,KA-01,CI-0011,146.0
2026-05,KA-01,CI-0011,87.0
2026-06,KA-01,CI-0011,182.0
2026-07,KA-01,CI-0011,178.0
2026-08,KA-01,CI-0011,123.0
2025-09,KA-01,CI-0014,122.0
2025-10,KA-01,CI-0014,84.0
2025-11,KA-01,CI-0014,135.0
2025-12,KA-01,CI-0014,164.0
2026-01,KA-01,CI-0014,142.0
2026-02,KA-01,CI-0014,201.0
2026-03,KA-01,CI-0014,121.0
2026-04,KA-01,CI-0014,190.0
2026-05,KA-01,CI-0014,176.0
2026-06,KA-01,CI-0014,123.0
2026-07,KA-01,CI-0014,127.0
2026-08,KA-01,CI-0014,134.0
2025-09,KA-01,CI-0017,30.0
2025-10,KA-01,CI-0017,23.0
2025-11,KA-01,CI-0017,23.0
2025-12,KA-01,CI-0017,33.0
2026-01,KA-01,CI-0017,38.0
2026-02,KA-01,CI-0017,40.0
2026-03,KA-01,CI-0017,60.0
2026-04,KA-01,CI-0017,30.0
2026-05,KA-01,CI-0017,42.0
2026-06,KA-01,CI-0017,35.0
2026-07,KA-01,CI-0017,27.0
2026-08,KA-01,CI-0017,58.0
2025-09,KA-01,CI-0020,59.0
2025-10,KA-01,CI-0020,86.0
2025-11,KA-01,CI-0020,89.0
2025-12,KA-01,CI-0020,96.0
2026-01,KA-01,CI-0020,48.0
2026-02,KA-01,CI-0020,77.0
2026-03,KA-01,CI-0020,61.0
2026-04,KA-01,CI-0020,81.0
2026-05,KA-01,CI-0020,60.0
2026-06,KA-01,CI-0020,103.0
2026-07,KA-01,CI-0020,88.0
2026-08,KA-01,CI-0020,45.0
2025-09,KA-01,CI-0023,130.0
2025-10,KA-01,CI-0023,75.0
2025-11,KA-01,CI-0023,130.0
2025-12,KA-01,CI-0023,91.0
2026-01,KA-01,CI-0023,68.0
2026-02,KA-01,CI-0023,76.0
2026-03,KA-01,CI-0023,84.0
2026-04,KA-01,CI-0023,65.0
2026-05,KA-01,CI-0023,85.0
2026-06,KA-01,CI-0023,110.0
2026-07,KA-01,CI-0023,109.0
2026-08,KA-01,CI-0023,139.0
2025-09,KA-01,CI-0026,92.0
2025-10,KA-01,CI-0026,177.0
2025-11,KA-01,CI-0026,147.0
2025-12,KA-01,CI-0026,157.0
2026-01,KA-01,CI-0026,61.0
2026-02,KA-01,CI-0026,187.0
2026-03,KA-01,CI-0026,155.0
2026-04,KA-01,CI-0026,79.0
2026-05,KA-01,CI-0026,119.0
2026-06,KA-01,CI-0026,141.0
2026-07,KA-01,CI-0026,81.0
2026-08,KA-01,CI-0026,152.0
2025-09,KA-01,CI-0029,89.0
2025-10,KA-01,CI-0029,118.0
2025-11,KA-01,CI-0029,88.0
2025-12,KA-01,CI-0029,111.0
2026-01,KA-01,CI-0029,188.0
2026-02,KA-01,CI-0029,146.0
2026-03,KA-01,CI-0029,137.0
2026-04,KA-01,CI-0029,251.0
2026-05,KA-01,CI-0029,102.0
2026-06,KA-01,CI-0029,236.0
2026-07,KA-01,CI-0029,183.0
2026-08,KA-01,CI-0029,124.0
2025-09,KA-02,CI-0003,27.0
2025-10,KA-02,CI-0003,28.0
2025-11,KA-02,CI-0003,55.0
2025-12,KA-02,CI-0003,59.0
2026-01,KA-02,CI-0003,27.0
2026-02,KA-02,CI-0003,33.0
2026-03,KA-02,CI-0003,42.0
2026-04,KA-02,CI-0003,32.0
2026-05,KA-02,CI-0003,44.0
2026-06,KA-02,CI-0003,25.0
2026-07,KA-02,CI-0003,25.0
2026-08,KA-02,CI-0003,51.0
2025-09,KA-02,CI-0006,115.0
2025-10,KA-02,CI-0006,82.0
2025-11,KA-02,CI-0006,41.0
2025-12,KA-02,CI-0006,82.0
2026-01,KA-02,CI-0006,101.0
2026-02,KA-02,CI-0006,115.0
2026-03,KA-02,CI-0006,67.0
2026-04,KA-02,CI-0006,64.0
2026-05,KA-02,CI-0006,114.0
2026-06,KA-02,CI-0006,108.0
2026-07,KA-02,CI-0006,43.0
2026-08,KA-02,CI-0006,68.0
2025-09,KA-02,CI-0009,163.0
2025-10,KA-02,CI-0009,187.0
2025-11,KA-02,CI-0009,141.0
2025-12,KA-02,CI-0009,153.0
2026-01,KA-02,CI-0009,253.0
2026-02,KA-02,CI-0009,141.0
2026-03,KA-02,CI-0009,175.0
2026-04,KA-02,CI-0009,107.0
2026-05,KA-02,CI-0009,136.0
2026-06,KA-02,CI-0009,141.0
2026-07,KA-02,CI-0009,137.0
2026-08,KA-02,CI-0009,122.0
2025-09,KA-02,CI-0012,101.0
2025-10,KA-02,CI-0012,94.0
2025-11,KA-02,CI-0012,106.0
2025-12,KA-02,CI-0012,169.0
2026-01,KA-02,CI-0012,172.0
2026-02,KA-02,CI-0012,123.0
2026-03,KA-02,CI-0012,188.0
2026-04,KA-02,CI-0012,102.0
2026-05,KA-02,CI-0012,106.0
2026-06,KA-02,CI-0012,169.0
2026-07,KA-02,CI-0012,97.0
2026-08,KA-02,CI-0012,187.0
2025-09,KA-02,CI-0015,80.0
2025-10,KA-02,CI-0015,84.0
2025-11,KA-02,CI-0015,177.0
2025-12,KA-02,CI-0015,124.0
2026-01,KA-02,CI-0015,156.0
2026-02,KA-02,CI-0015,163.0
2026-03,KA-02,CI-0015,86.0
2026-04,KA-02,CI-0015,109.0
2026-05,KA-02,CI-0015,151.0
2026-06,KA-02,CI-0015,199.0
2026-07,KA-02,CI-0015,159.0
2026-08,KA-02,CI-0015,142.0
2025-09,KA-02,CI-0018,31.0
2025-10,KA-02,CI-0018,76.0
2025-11,KA-02,CI-0018,73.0
2025-12,KA-02,CI-0018,44.0
2026-01,KA-02,CI-0018,40.0
2026-02,KA-02,CI-0018,70.0
2026-03,KA-02,CI-0018,65.0
2026-04,KA-02,CI-0018,36.0
2026-05,KA-02,CI-0018,70.0
2026-06,KA-02,CI-0018,32.0
2026-07,KA-02,CI-0018,47.0
2026-08,KA-02,CI-0018,50.0
2025-09,KA-02,CI-0021,92.0
2025-10,KA-02,CI-0021,88.0
2025-11,KA-02,CI-0021,62.0
2025-12,KA-02,CI-0021,72.0
2026-01,KA-02,CI-0021,91.0
2026-02,KA-02,CI-0021,68.0
2026-03,KA-02,CI-0021,56.0
2026-04,KA-02,CI-0021,70.0
2026-05,KA-02,CI-0021,61.0
2026-06,KA-02,CI-0021,59.0
2026-07,KA-02,CI-0021,77.0
2026-08,KA-02,CI-0021,76.0
2025-09,KA-02,CI-0024,93.0
2025-10,KA-02,CI-0024,107.0
2025-11,KA-02,CI-0024,136.0
2025-12,KA-02,CI-0024,128.0
2026-01,KA-02,CI-0024,79.0
2026-02,KA-02,CI-0024,65.0
2026-03,KA-02,CI-0024,78.0
2026-04,KA-02,CI-0024,60.0
2026-05,KA-02,CI-0024,161.0
2026-06,KA-02,CI-0024,131.0
2026-07,KA-02,CI-0024,163.0
2026-08,KA-02,CI-0024,91.0
2025-09,KA-02,CI-0027,172.0
2025-10,KA-02,CI-0027,210.0
2025-11,KA-02,CI-0027,68.0
2025-12,KA-02,CI-0027,182.0
2026-01,KA-02,CI-0027,128.0
2026-02,KA-02,CI-0027,84.0
2026-03,KA-02,CI-0027,153.0
2026-04,KA-02,CI-0027,143.0
2026-05,KA-02,CI-0027,130.0
2026-06,KA-02,CI-0027,167.0
2026-07,KA-02,CI-0027,69.0
2026-08,KA-02,CI-0027,174.0
2025-09,KA-02,CI-0030,273.0
2025-10,KA-02,CI-0030,144.0
2025-11,KA-02,CI-0030,245.0
2025-12,KA-02,CI-0030,95.0
2026-01,KA-02,CI-0030,250.0
2026-02,KA-02,CI-0030,183.0
2026-03,KA-02,CI-0030,217.0
2026-04,KA-02,CI-0030,155.0
2026-05,KA-02,CI-0030,127.0
2026-06,KA-02,CI-0030,123.0
2026-07,KA-02,CI-0030,85.0
2026-08,KA-02,CI-0030,244.0
2025-09,KA-03,CI-0001,30.0
2025-10,KA-03,CI-0001,36.0
2025-11,KA-03,CI-0001,58.0
2025-12,KA-03,CI-0001,40.0
2026-01,KA-03,CI-0001,45.0
2026-02,KA-03,CI-0001,26.0
2026-03,KA-03,CI-0001,23.0
2026-04,KA-03,CI-0001,15.0
2026-05,KA-03,CI-0001,39.0
2026-06,KA-03,CI-0001,25.0
2026-07,KA-03,CI-0001,57.0
2026-08,KA-03,CI-0001,61.0
2025-09,KA-03,CI-0004,71.0
2025-10,KA-03,CI-0004,46.0
2025-11,KA-03,CI-0004,53.0
2025-12,KA-03,CI-0004,50.0
2026-01,KA-03,CI-0004,35.0
2026-02,KA-03,CI-0004,72.0
2026-03,KA-03,CI-0004,58.0
2026-04,KA-03,CI-0004,29.0
2026-05,KA-03,CI-0004,43.0
2026-06,KA-03,CI-0004,30.0
2026-07,KA-03,CI-0004,39.0
2026-08,KA-03,CI-0004,36.0
2025-09,KA-03,CI-0007,121.0
2025-10,KA-03,CI-0007,45.0
2025-11,KA-03,CI-0007,85.0
2025-12,KA-03,CI-0007,108.0
2026-01,KA-03,CI-0007,107.0
2026-02,KA-03,CI-0007,85.0
2026-03,KA-03,CI-0007,47.0
2026-04,KA-03,CI-0007,61.0
2026-05,KA-03,CI-0007,114.0
2026-06,KA-03,CI-0007,120.0
2026-07,KA-03,CI-0007,44.0
2026-08,KA-03,CI-0007,118.0
2025-09,KA-03,CI-0010,147.0
2025-10,KA-03,CI-0010,147.0
2025-11,KA-03,CI-0010,100.0
2025-12,KA-03,CI-0010,86.0
2026-01,KA-03,CI-0010,148.0
2026-02,KA-03,CI-0010,128.0
2026-03,KA-03,CI-0010,71.0
2026-04,KA-03,CI-0010,80.0
2026-05,KA-03,CI-0010,142.0
2026-06,KA-03,CI-0010,78.0
2026-07,KA-03,CI-0010,172.0
2026-08,KA-03,CI-0010,142.0
2025-09,KA-03,CI-0013,172.0
2025-10,KA-03,CI-0013,108.0
2025-11,KA-03,CI-0013,124.0
2025-12,KA-03,CI-0013,92.0
2026-01,KA-03,CI-0013,196.0
2026-02,KA-03,CI-0013,162.0
2026-03,KA-03,CI-0013,149.0
2026-04,KA-03,CI-0013,145.0
2026-05,KA-03,CI-0013,171.0
2026-06,KA-03,CI-0013,212.0
2026-07,KA-03,CI-0013,98.0
2026-08,KA-03,CI-0013,106.0
2025-09,KA-03,CI-0016,20.0
2025-10,KA-03,CI-0016,24.0
2025-11,KA-03,CI-0016,24.0
2025-12,KA-03,CI-0016,35.0
2026-01,KA-03,CI-0016,25.0
2026-02,KA-03,CI-0016,25.0
2026-03,KA-03,CI-0016,34.0
2026-04,KA-03,CI-0016,24.0
2026-05,KA-03,CI-0016,45.0
2026-06,KA-03,CI-0016,19.0
2026-07,KA-03,CI-0016,22.0
2026-08,KA-03,CI-0016,27.0
2025-09,KA-03,CI-0019,59.0
2025-10,KA-03,CI-0019,41.0
2025-11,KA-03,CI-0019,75.0
2025-12,KA-03,CI-0019,71.0
2026-01,KA-03,CI-0019,63.0
2026-02,KA-03,CI-0019,45.0
2026-03,KA-03,CI-0019,82.0
2026-04,KA-03,CI-0019,46.0
2026-05,KA-03,CI-0019,74.0
2026-06,KA-03,CI-0019,88.0
2026-07,KA-03,CI-0019,72.0
2026-08,KA-03,CI-0019,87.0
2025-09,KA-03,CI-0022,52.0
2025-10,KA-03,CI-0022,113.0
2025-11,KA-03,CI-0022,83.0
2025-12,KA-03,CI-0022,54.0
2026-01,KA-03,CI-0022,79.0
2026-02,KA-03,CI-0022,51.0
2026-03,KA-03,CI-0022,62.0
2026-04,KA-03,CI-0022,60.0
2026-05,KA-03,CI-0022,89.0
2026-06,KA-03,CI-0022,117.0
2026-07,KA-03,CI-0022,105.0
2026-08,KA-03,CI-0022,126.0
2025-09,KA-03,CI-0025,114.0
2025-10,KA-03,CI-0025,97.0
2025-11,KA-03,CI-0025,145.0
2025-12,KA-03,CI-0025,118.0
2026-01,KA-03,CI-0025,81.0
2026-02,KA-03,CI-0025,59.0
2026-03,KA-03,CI-0025,166.0
2026-04,KA-03,CI-0025,61.0
2026-05,KA-03,CI-0025,56.0
2026-06,KA-03,CI-0025,112.0
2026-07,KA-03,CI-0025,166.0
2026-08,KA-03,CI-0025,106.0
2025-09,KA-03,CI-0028,157.0
2025-10,KA-03,CI-0028,119.0
2025-11,KA-03,CI-0028,203.0
2025-12,KA-03,CI-0028,156.0
2026-01,KA-03,CI-0028,246.0
2026-02,KA-03,CI-0028,155.0
2026-03,KA-03,CI-0028,123.0
2026-04,KA-03,CI-0028,165.0
2026-05,KA-03,CI-0028,131.0
2026-06,KA-03,CI-0028,91.0
2026-07,KA-03,CI-0028,116.0
2026-08,KA-03,CI-0028,163.0
2025-09,KA-04,CI-0002,39.0
2025-10,KA-04,CI-0002,27.0
2025-11,KA-04,CI-0002,25.0
2025-12,KA-04,CI-0002,60.0
2026-01,KA-04,CI-0002,50.0
2026-02,KA-04,CI-0002,40.0
2026-03,KA-04,CI-0002,39.0
2026-04,KA-04,CI-0002,22.0
2026-05,KA-04,CI-0002,42.0
2026-06,KA-04,CI-0002,22.0
2026-07,KA-04,CI-0002,39.0
2026-08,KA-04,CI-0002,51.0
2025-09,KA-04,CI-0005,53.0
2025-10,KA-04,CI-0005,53.0
2025-11,KA-04,CI-0005,77.0
2025-12,KA-04,CI-0005,102.0
2026-01,KA-04,CI-0005,93.0
2026-02,KA-04,CI-0005,72.0
2026-03,KA-04,CI-0005,55.0
2026-04,KA-04,CI-0005,46.0
2026-05,KA-04,CI-0005,40.0
2026-06,KA-04,CI-0005,95.0
2026-07,KA-04,CI-0005,85.0
2026-08,KA-04,CI-0005,43.0
2025-09,KA-04,CI-0008,75.0
2025-10,KA-04,CI-0008,77.0
2025-11,KA-04,CI-0008,83.0
2025-12,KA-04,CI-0008,126.0
2026-01,KA-04,CI-0008,109.0
2026-02,KA-04,CI-0008,55.0
2026-03,KA-04,CI-0008,112.0
2026-04,KA-04,CI-0008,56.0
2026-05,KA-04,CI-0008,83.0
2026-06,KA-04,CI-0008,83.0
2026-07,KA-04,CI-0008,119.0
2026-08,KA-04,CI-0008,108.0
2025-09,KA-04,CI-0011,165.0
2025-10,KA-04,CI-0011,170.0
2025-11,KA-04,CI-0011,101.0
2025-12,KA-04,CI-0011,124.0
2026-01,KA-04,CI-0011,143.0
2026-02,KA-04,CI-0011,107.0
2026-03,KA-04,CI-0011,174.0
2026-04,KA-04,CI-0011,89.0
2026-05,KA-04,CI-0011,156.0
2026-06,KA-04,CI-0011,74.0
2026-07,KA-04,CI-0011,98.0
2026-08,KA-04,CI-0011,108.0
2025-09,KA-04,CI-0014,142.0
2025-10,KA-04,CI-0014,163.0
2025-11,KA-04,CI-0014,207.0
2025-12,KA-04,CI-0014,219.0
2026-01,KA-04,CI-0014,181.0
2026-02,KA-04,CI-0014,213.0
2026-03,KA-04,CI-0014,145.0
2026-04,KA-04,CI-0014,120.0
2026-05,KA-04,CI-0014,103.0
2026-06,KA-04,CI-0014,264.0
2026-07,KA-04,CI-0014,209.0
2026-08,KA-04,CI-0014,183.0
2025-09,KA-04,CI-0017,36.0
2025-10,KA-04,CI-0017,22.0
2025-11,KA-04,CI-0017,35.0
2025-12,KA-04,CI-0017,42.0
2026-01,KA-04,CI-0017,57.0
2026-02,KA-04,CI-0017,48.0
2026-03,KA-04,CI-0017,44.0
2026-04,KA-04,CI-0017,24.0
2026-05,KA-04,CI-0017,43.0
2026-06,KA-04,CI-0017,27.0
2026-07,KA-04,CI-0017,47.0
2026-08,KA-04,CI-0017,22.0
2025-09,KA-04,CI-0020,69.0
2025-10,KA-04,CI-0020,54.0
2025-11,KA-04,CI-0020,82.0
2025-12,KA-04,CI-0020,50.0
2026-01,KA-04,CI-0020,58.0
2026-02,KA-04,CI-0020,48.0
2026-03,KA-04,CI-0020,58.0
2026-04,KA-04,CI-0020,98.0
2026-05,KA-04,CI-0020,56.0
2026-06,KA-04,CI-0020,85.0
2026-07,KA-04,CI-0020,48.0
2026-08,KA-04,CI-0020,44.0
2025-09,KA-04,CI-0023,121.0
2025-10,KA-04,CI-0023,70.0
2025-11,KA-04,CI-0023,117.0
2025-12,KA-04,CI-0023,55.0
2026-01,KA-04,CI-0023,148.0
2026-02,KA-04,CI-0023,63.0
2026-03,KA-04,CI-0023,69.0
2026-04,KA-04,CI-0023,114.0
2026-05,KA-04,CI-0023,87.0
2026-06,KA-04,CI-0023,59.0
2026-07,KA-04,CI-0023,99.0
2026-08,KA-04,CI-0023,86.0
2025-09,KA-04,CI-0026,154.0
2025-10,KA-04,CI-0026,173.0
2025-11,KA-04,CI-0026,83.0
2025-12,KA-04,CI-0026,70.0
2026-01,KA-04,CI-0026,60.0
2026-02,KA-04,CI-0026,110.0
2026-03,KA-04,CI-0026,68.0
2026-04,KA-04,CI-0026,99.0
2026-05,KA-04,CI-0026,126.0
2026-06,KA-04,CI-0026,141.0
2026-07,KA-04,CI-0026,154.0
2026-08,KA-04,CI-0026,116.0
2025-09,KA-04,CI-0029,91.0
2025-10,KA-04,CI-0029,121.0
2025-11,KA-04,CI-0029,142.0
2025-12,KA-04,CI-0029,157.0
2026-01,KA-04,CI-0029,107.0
2026-02,KA-04,CI-0029,216.0
2026-03,KA-04,CI-0029,129.0
2026-04,KA-04,CI-0029,189.0
2026-05,KA-04,CI-0029,137.0
2026-06,KA-04,CI-0029,217.0
2026-07,KA-04,CI-0029,181.0
2026-08,KA-04,CI-0029,207.0
2025-09,KA-05,CI-0003,53.0
2025-10,KA-05,CI-0003,49.0
2025-11,KA-05,CI-0003,46.0
2025-12,KA-05,CI-0003,25.0
2026-01,KA-05,CI-0003,46.0
2026-02,KA-05,CI-0003,74.0
2026-03,KA-05,CI-0003,61.0
2026-04,KA-05,CI-0003,49.0
2026-05,KA-05,CI-0003,33.0
2026-06,KA-05,CI-0003,53.0
2026-07,KA-05,CI-0003,67.0
2026-08,KA-05,CI-0003,66.0
2025-09,KA-05,CI-0006,99.0
2025-10,KA-05,CI-0006,62.0
2025-11,KA-05,CI-0006,59.0
2025-12,KA-05,CI-0006,91.0
2026-01,KA-05,CI-0006,64.0
2026-02,KA-05,CI-0006,102.0
2026-03,KA-05,CI-0006,123.0
2026-04,KA-05,CI-0006,96.0
2026-05,KA-05,CI-0006,67.0
2026-06,KA-05,CI-0006,98.0
2026-07,KA-05,CI-0006,89.0
2026-08,KA-05,CI-0006,113.0
2025-09,KA-05,CI-0009,73.0
2025-10,KA-05,CI-0009,85.0
2025-11,KA-05,CI-0009,83.0
2025-12,KA-05,CI-0009,101.0
2026-01,KA-05,CI-0009,84.0
2026-02,KA-05,CI-0009,158.0
2026-03,KA-05,CI-0009,116.0
2026-04,KA-05,CI-0009,129.0
2026-05,KA-05,CI-0009,174.0
2026-06,KA-05,CI-0009,69.0
2026-07,KA-05,CI-0009,138.0
2026-08,KA-05,CI-0009,105.0
2025-09,KA-05,CI-0012,151.0
2025-10,KA-05,CI-0012,106.0
2025-11,KA-05,CI-0012,136.0
2025-12,KA-05,CI-0012,102.0
2026-01,KA-05,CI-0012,203.0
2026-02,KA-05,CI-0012,86.0
2026-03,KA-05,CI-0012,136.0
2026-04,KA-05,CI-0012,159.0
2026-05,KA-05,CI-0012,202.0
2026-06,KA-05,CI-0012,153.0
2026-07,KA-05,CI-0012,128.0
2026-08,KA-05,CI-0012,124.0
2025-09,KA-05,CI-0015,149.0
2025-10,KA-05,CI-0015,96.0
2025-11,KA-05,CI-0015,274.0
2025-12,KA-05,CI-0015,237.0
2026-01,KA-05,CI-0015,110.0
2026-02,KA-05,CI-0015,108.0
2026-03,KA-05,CI-0015,172.0
2026-04,KA-05,CI-0015,159.0
2026-05,KA-05,CI-0015,232.0
2026-06,KA-05,CI-0015,187.0
2026-07,KA-05,CI-0015,101.0
2026-08,KA-05,CI-0015,136.0
2025-09,KA-05,CI-0018,36.0
2025-10,KA-05,CI-0018,59.0
2025-11,KA-05,CI-0018,61.0
2025-12,KA-05,CI-0018,40.0
2026-01,KA-05,CI-0018,45.0
2026-02,KA-05,CI-0018,71.0
2026-03,KA-05,CI-0018,52.0
2026-04,KA-05,CI-0018,29.0
2026-05,KA-05,CI-0018,40.0
2026-06,KA-05,CI-0018,73.0
2026-07,KA-05,CI-0018,62.0
2026-08,KA-05,CI-0018,50.0
2025-09,KA-05,CI-0021,43.0
2025-10,KA-05,CI-0021,96.0
2025-11,KA-05,CI-0021,62.0
2025-12,KA-05,CI-0021,44.0
2026-01,KA-05,CI-0021,91.0
2026-02,KA-05,CI-0021,45.0
2026-03,KA-05,CI-0021,98.0
2026-04,KA-05,CI-0021,53.0
2026-05,KA-05,CI-0021,68.0
2026-06,KA-05,CI-0021,110.0
2026-07,KA-05,CI-0021,70.0
2026-08,KA-05,CI-0021,91.0
2025-09,KA-05,CI-0024,139.0
2025-10,KA-05,CI-0024,127.0
2025-11,KA-05,CI-0024,128.0
2025-12,KA-05,CI-0024,146.0
2026-01,KA-05,CI-0024,81.0
2026-02,KA-05,CI-0024,110.0
2026-03,KA-05,CI-0024,60.0
2026-04,KA-05,CI-0024,160.0
2026-05,KA-05,CI-0024,138.0
2026-06,KA-05,CI-0024,120.0
2026-07,KA-05,CI-0024,79.0
2026-08,KA-05,CI-0024,76.0
2025-09,KA-05,CI-0027,117.0
2025-10,KA-05,CI-0027,76.0
2025-11,KA-05,CI-0027,99.0
2025-12,KA-05,CI-0027,195.0
2026-01,KA-05,CI-0027,163.0
2026-02,KA-05,CI-0027,75.0
2026-03,KA-05,CI-0027,131.0
2026-04,KA-05,CI-0027,128.0
2026-05,KA-05,CI-0027,206.0
2026-06,KA-05,CI-0027,209.0
2026-07,KA-05,CI-0027,92.0
2026-08,KA-05,CI-0027,103.0
2025-09,KA-05,CI-0030,110.0
2025-10,KA-05,CI-0030,257.0
2025-11,KA-05,CI-0030,145.0
2025-12,KA-05,CI-0030,193.0
2026-01,KA-05,CI-0030,130.0
2026-02,KA-05,CI-0030,207.0
2026-03,KA-05,CI-0030,95.0
2026-04,KA-05,CI-0030,132.0
2026-05,KA-05,CI-0030,126.0
2026-06,KA-05,CI-0030,248.0
2026-07,KA-05,CI-0030,82.0
2026-08,KA-05,CI-0030,252.0
