caderno_inteligente_—_dados_fictícios_|_sell_out_—_cobertura_parcial,unnamed:_1,unnamed:_2,unnamed:_3,unnamed:_4,unnamed:_5
,,,,,
Mês,Cliente,SKU,,,Natureza do dado
2025-09,KA-01,CI-0002,44.0,197.0,Observado pelo parceiro
2025-10,KA-01,CI-0002,47.0,199.0,Observado pelo parceiro
2025-11,KA-01,CI-0002,21.0,202.0,Observado pelo parceiro
2025-12,KA-01,CI-0002,55.0,197.0,Observado pelo parceiro
2026-01,KA-01,CI-0002,39.0,193.0,Observado pelo parceiro
2026-02,KA-01,CI-0002,39.0,191.0,Observado pelo parceiro
2026-03,KA-01,CI-0002,39.0,185.0,Observado pelo parceiro
2026-04,KA-01,CI-0002,29.0,186.0,Observado pelo parceiro
2026-05,KA-01,CI-0002,54.0,182.0,Observado pelo parceiro
2026-06,KA-01,CI-0002,51.0,182.0,Observado pelo parceiro
2026-07,KA-01,CI-0002,43.0,185.0,Observado pelo parceiro
2026-08,KA-01,CI-0002,33.0,181.0,Observado pelo parceiro
2025-09,KA-01,CI-0005,70.0,192.0,Observado pelo parceiro
2025-10,KA-01,CI-0005,92.0,206.0,Observado pelo parceiro
2025-11,KA-01,CI-0005,84.0,195.0,Observado pelo parceiro
2025-12,KA-01,CI-0005,74.0,192.0,Observado pelo parceiro
2026-01,KA-01,CI-0005,39.0,187.0,Observado pelo parceiro
2026-02,KA-01,CI-0005,84.0,192.0,Observado pelo parceiro
2026-03,KA-01,CI-0005,35.0,192.0,Observado pelo parceiro
2026-04,KA-01,CI-0005,88.0,197.0,Observado pelo parceiro
2026-05,KA-01,CI-0005,54.0,201.0,Observado pelo parceiro
2026-06,KA-01,CI-0005,38.0,204.0,Observado pelo parceiro
2026-07,KA-01,CI-0005,88.0,211.0,Observado pelo parceiro
2026-08,KA-01,CI-0005,77.0,207.0,Observado pelo parceiro
2025-09,KA-01,CI-0008,96.0,230.0,Observado pelo parceiro
2025-10,KA-01,CI-0008,93.0,222.0,Observado pelo parceiro
2025-11,KA-01,CI-0008,130.0,215.0,Observado pelo parceiro
2025-12,KA-01,CI-0008,112.0,206.0,Observado pelo parceiro
2026-01,KA-01,CI-0008,102.0,207.0,Observado pelo parceiro
2026-02,KA-01,CI-0008,63.0,211.0,Observado pelo parceiro
2026-03,KA-01,CI-0008,120.0,207.0,Observado pelo parceiro
2026-04,KA-01,CI-0008,80.0,211.0,Observado pelo parceiro
2026-05,KA-01,CI-0008,129.0,197.0,Observado pelo parceiro
2026-06,KA-01,CI-0008,96.0,202.0,Observado pelo parceiro
2026-07,KA-01,CI-0008,104.0,195.0,Observado pelo parceiro
2026-08,KA-01,CI-0008,112.0,192.0,Observado pelo parceiro
2025-09,KA-01,CI-0011,96.0,90.0,Observado pelo parceiro
2025-10,KA-01,CI-0011,122.0,92.0,Observado pelo parceiro
2025-11,KA-01,CI-0011,171.0,77.0,Observado pelo parceiro
2025-12,KA-01,CI-0011,144.0,99.0,Observado pelo parceiro
2026-01,KA-01,CI-0011,122.0,98.0,Observado pelo parceiro
2026-02,KA-01,CI-0011,91.0,101.0,Observado pelo parceiro
2026-03,KA-01,CI-0011,121.0,106.0,Observado pelo parceiro
2026-04,KA-01,CI-0011,151.0,101.0,Observado pelo parceiro
2026-05,KA-01,CI-0011,85.0,103.0,Observado pelo parceiro
2026-06,KA-01,CI-0011,160.0,125.0,Observado pelo parceiro
2026-07,KA-01,CI-0011,183.0,120.0,Observado pelo parceiro
2026-08,KA-01,CI-0011,111.0,132.0,Observado pelo parceiro
2025-09,KA-01,CI-0014,123.0,93.0,Observado pelo parceiro
2025-10,KA-01,CI-0014,94.0,83.0,Observado pelo parceiro
2025-11,KA-01,CI-0014,138.0,80.0,Observado pelo parceiro
2025-12,KA-01,CI-0014,189.0,55.0,Observado pelo parceiro
2026-01,KA-01,CI-0014,131.0,66.0,Observado pelo parceiro
2026-02,KA-01,CI-0014,213.0,54.0,Observado pelo parceiro
2026-03,KA-01,CI-0014,129.0,46.0,Observado pelo parceiro
2026-04,KA-01,CI-0014,165.0,71.0,Observado pelo parceiro
2026-05,KA-01,CI-0014,153.0,94.0,Observado pelo parceiro
2026-06,KA-01,CI-0014,135.0,82.0,Observado pelo parceiro
2026-07,KA-01,CI-0014,126.0,83.0,Observado pelo parceiro
2026-08,KA-01,CI-0014,115.0,102.0,Observado pelo parceiro
2025-09,KA-01,CI-0017,29.0,69.0,Observado pelo parceiro
2025-10,KA-01,CI-0017,26.0,66.0,Observado pelo parceiro
2025-11,KA-01,CI-0017,23.0,66.0,Observado pelo parceiro
2025-12,KA-01,CI-0017,33.0,66.0,Observado pelo parceiro
2026-01,KA-01,CI-0017,36.0,68.0,Observado pelo parceiro
2026-02,KA-01,CI-0017,47.0,61.0,Observado pelo parceiro
2026-03,KA-01,CI-0017,55.0,66.0,Observado pelo parceiro
2026-04,KA-01,CI-0017,35.0,61.0,Observado pelo parceiro
2026-05,KA-01,CI-0017,47.0,56.0,Observado pelo parceiro
2026-06,KA-01,CI-0017,31.0,60.0,Observado pelo parceiro
2026-07,KA-01,CI-0017,24.0,63.0,Observado pelo parceiro
2026-08,KA-01,CI-0017,50.0,71.0,Observado pelo parceiro
2025-09,KA-01,CI-0020,59.0,215.0,Observado pelo parceiro
2025-10,KA-01,CI-0020,87.0,214.0,Observado pelo parceiro
2025-11,KA-01,CI-0020,83.0,220.0,Observado pelo parceiro
2025-12,KA-01,CI-0020,87.0,229.0,Observado pelo parceiro
2026-01,KA-01,CI-0020,45.0,232.0,Observado pelo parceiro
2026-02,KA-01,CI-0020,67.0,242.0,Observado pelo parceiro
2026-03,KA-01,CI-0020,62.0,241.0,Observado pelo parceiro
2026-04,KA-01,CI-0020,88.0,234.0,Observado pelo parceiro
2026-05,KA-01,CI-0020,71.0,223.0,Observado pelo parceiro
2026-06,KA-01,CI-0020,90.0,236.0,Observado pelo parceiro
2026-07,KA-01,CI-0020,89.0,235.0,Observado pelo parceiro
2026-08,KA-01,CI-0020,46.0,234.0,Observado pelo parceiro
2025-09,KA-01,CI-0023,123.0,164.0,Observado pelo parceiro
2025-10,KA-01,CI-0023,82.0,157.0,Observado pelo parceiro
2025-11,KA-01,CI-0023,130.0,157.0,Observado pelo parceiro
2025-12,KA-01,CI-0023,97.0,151.0,Observado pelo parceiro
2026-01,KA-01,CI-0023,79.0,140.0,Observado pelo parceiro
2026-02,KA-01,CI-0023,79.0,137.0,Observado pelo parceiro
2026-03,KA-01,CI-0023,90.0,131.0,Observado pelo parceiro
2026-04,KA-01,CI-0023,76.0,120.0,Observado pelo parceiro
2026-05,KA-01,CI-0023,81.0,124.0,Observado pelo parceiro
2026-06,KA-01,CI-0023,101.0,133.0,Observado pelo parceiro
2026-07,KA-01,CI-0023,101.0,141.0,Observado pelo parceiro
2026-08,KA-01,CI-0023,127.0,153.0,Observado pelo parceiro
2025-09,KA-01,CI-0026,86.0,57.0,Observado pelo parceiro
2025-10,KA-01,CI-0026,157.0,77.0,Observado pelo parceiro
2025-11,KA-01,CI-0026,127.0,97.0,Observado pelo parceiro
2025-12,KA-01,CI-0026,154.0,100.0,Observado pelo parceiro
2026-01,KA-01,CI-0026,69.0,92.0,Observado pelo parceiro
2026-02,KA-01,CI-0026,161.0,118.0,Observado pelo parceiro
2026-03,KA-01,CI-0026,138.0,135.0,Observado pelo parceiro
2026-04,KA-01,CI-0026,72.0,142.0,Observado pelo parceiro
2026-05,KA-01,CI-0026,139.0,122.0,Observado pelo parceiro
2026-06,KA-01,CI-0026,150.0,113.0,Observado pelo parceiro
2026-07,KA-01,CI-0026,77.0,117.0,Observado pelo parceiro
2026-08,KA-01,CI-0026,150.0,119.0,Observado pelo parceiro
2025-09,KA-01,CI-0029,85.0,133.0,Observado pelo parceiro
2025-10,KA-01,CI-0029,106.0,145.0,Observado pelo parceiro
2025-11,KA-01,CI-0029,85.0,148.0,Observado pelo parceiro
2025-12,KA-01,CI-0029,128.0,131.0,Observado pelo parceiro
2026-01,KA-01,CI-0029,216.0,103.0,Observado pelo parceiro
2026-02,KA-01,CI-0029,145.0,104.0,Observado pelo parceiro
2026-03,KA-01,CI-0029,129.0,112.0,Observado pelo parceiro
2026-04,KA-01,CI-0029,226.0,137.0,Observado pelo parceiro
2026-05,KA-01,CI-0029,116.0,123.0,Observado pelo parceiro
2026-06,KA-01,CI-0029,222.0,137.0,Observado pelo parceiro
2026-07,KA-01,CI-0029,193.0,127.0,Observado pelo parceiro
2026-08,KA-01,CI-0029,118.0,133.0,Observado pelo parceiro
2025-09,KA-02,CI-0003,29.0,120.0,Observado pelo parceiro
2025-10,KA-02,CI-0003,25.0,123.0,Observado pelo parceiro
2025-11,KA-02,CI-0003,51.0,127.0,Observado pelo parceiro
2025-12,KA-02,CI-0003,51.0,135.0,Observado pelo parceiro
2026-01,KA-02,CI-0003,29.0,133.0,Observado pelo parceiro
2026-02,KA-02,CI-0003,35.0,131.0,Observado pelo parceiro
2026-03,KA-02,CI-0003,45.0,128.0,Observado pelo parceiro
2026-04,KA-02,CI-0003,37.0,123.0,Observado pelo parceiro
2026-05,KA-02,CI-0003,52.0,115.0,Observado pelo parceiro
2026-06,KA-02,CI-0003,29.0,111.0,Observado pelo parceiro
2026-07,KA-02,CI-0003,28.0,108.0,Observado pelo parceiro
2026-08,KA-02,CI-0003,55.0,104.0,Observado pelo parceiro
2025-09,KA-02,CI-0006,109.0,177.0,Observado pelo parceiro
2025-10,KA-02,CI-0006,74.0,185.0,Observado pelo parceiro
2025-11,KA-02,CI-0006,42.0,184.0,Observado pelo parceiro
2025-12,KA-02,CI-0006,92.0,174.0,Observado pelo parceiro
2026-01,KA-02,CI-0006,101.0,174.0,Observado pelo parceiro
2026-02,KA-02,CI-0006,109.0,180.0,Observado pelo parceiro
2026-03,KA-02,CI-0006,64.0,183.0,Observado pelo parceiro
2026-04,KA-02,CI-0006,75.0,172.0,Observado pelo parceiro
2026-05,KA-02,CI-0006,97.0,189.0,Observado pelo parceiro
2026-06,KA-02,CI-0006,106.0,191.0,Observado pelo parceiro
2026-07,KA-02,CI-0006,46.0,188.0,Observado pelo parceiro
2026-08,KA-02,CI-0006,73.0,183.0,Observado pelo parceiro
2025-09,KA-02,CI-0009,96.0,235.0,Observado pelo parceiro
2025-10,KA-02,CI-0009,110.0,312.0,Observado pelo parceiro
2025-11,KA-02,CI-0009,83.0,370.0,Observado pelo parceiro
2025-12,KA-02,CI-0009,90.0,433.0,Observado pelo parceiro
2026-01,KA-02,CI-0009,149.0,537.0,Observado pelo parceiro
2026-02,KA-02,CI-0009,83.0,595.0,Observado pelo parceiro
2026-03,KA-02,CI-0009,103.0,667.0,Observado pelo parceiro
2026-04,KA-02,CI-0009,63.0,711.0,Observado pelo parceiro
2026-05,KA-02,CI-0009,80.0,767.0,Observado pelo parceiro
2026-06,KA-02,CI-0009,83.0,825.0,Observado pelo parceiro
2026-07,KA-02,CI-0009,81.0,881.0,Observado pelo parceiro
2026-08,KA-02,CI-0009,72.0,931.0,Observado pelo parceiro
2025-09,KA-02,CI-0012,108.0,267.0,Observado pelo parceiro
2025-10,KA-02,CI-0012,91.0,270.0,Observado pelo parceiro
2025-11,KA-02,CI-0012,114.0,262.0,Observado pelo parceiro
2025-12,KA-02,CI-0012,177.0,254.0,Observado pelo parceiro
2026-01,KA-02,CI-0012,178.0,248.0,Observado pelo parceiro
2026-02,KA-02,CI-0012,120.0,251.0,Observado pelo parceiro
2026-03,KA-02,CI-0012,184.0,255.0,Observado pelo parceiro
2026-04,KA-02,CI-0012,97.0,260.0,Observado pelo parceiro
2026-05,KA-02,CI-0012,111.0,255.0,Observado pelo parceiro
2026-06,KA-02,CI-0012,180.0,244.0,Observado pelo parceiro
2026-07,KA-02,CI-0012,113.0,228.0,Observado pelo parceiro
2026-08,KA-02,CI-0012,196.0,219.0,Observado pelo parceiro
2025-09,KA-02,CI-0015,95.0,129.0,Observado pelo parceiro
2025-10,KA-02,CI-0015,93.0,120.0,Observado pelo parceiro
2025-11,KA-02,CI-0015,201.0,96.0,Observado pelo parceiro
2025-12,KA-02,CI-0015,108.0,112.0,Observado pelo parceiro
2026-01,KA-02,CI-0015,155.0,113.0,Observado pelo parceiro
2026-02,KA-02,CI-0015,148.0,128.0,Observado pelo parceiro
2026-03,KA-02,CI-0015,94.0,120.0,Observado pelo parceiro
2026-04,KA-02,CI-0015,106.0,123.0,Observado pelo parceiro
2026-05,KA-02,CI-0015,168.0,106.0,Observado pelo parceiro
2026-06,KA-02,CI-0015,202.0,103.0,Observado pelo parceiro
2026-07,KA-02,CI-0015,147.0,115.0,Observado pelo parceiro
2026-08,KA-02,CI-0015,144.0,113.0,Observado pelo parceiro
2025-09,KA-02,CI-0018,37.0,241.0,Observado pelo parceiro
2025-10,KA-02,CI-0018,69.0,248.0,Observado pelo parceiro
2025-11,KA-02,CI-0018,69.0,252.0,Observado pelo parceiro
2025-12,KA-02,CI-0018,46.0,250.0,Observado pelo parceiro
2026-01,KA-02,CI-0018,41.0,249.0,Observado pelo parceiro
2026-02,KA-02,CI-0018,70.0,249.0,Observado pelo parceiro
2026-03,KA-02,CI-0018,64.0,250.0,Observado pelo parceiro
2026-04,KA-02,CI-0018,38.0,248.0,Observado pelo parceiro
2026-05,KA-02,CI-0018,62.0,256.0,Observado pelo parceiro
2026-06,KA-02,CI-0018,28.0,260.0,Observado pelo parceiro
2026-07,KA-02,CI-0018,54.0,253.0,Observado pelo parceiro
2026-08,KA-02,CI-0018,48.0,255.0,Observado pelo parceiro
2025-09,KA-02,CI-0021,83.0,218.0,Observado pelo parceiro
2025-10,KA-02,CI-0021,97.0,209.0,Observado pelo parceiro
2025-11,KA-02,CI-0021,68.0,203.0,Observado pelo parceiro
2025-12,KA-02,CI-0021,67.0,208.0,Observado pelo parceiro
2026-01,KA-02,CI-0021,98.0,201.0,Observado pelo parceiro
2026-02,KA-02,CI-0021,79.0,190.0,Observado pelo parceiro
2026-03,KA-02,CI-0021,65.0,181.0,Observado pelo parceiro
2026-04,KA-02,CI-0021,76.0,175.0,Observado pelo parceiro
2026-05,KA-02,CI-0021,66.0,170.0,Observado pelo parceiro
2026-06,KA-02,CI-0021,61.0,168.0,Observado pelo parceiro
2026-07,KA-02,CI-0021,67.0,178.0,Observado pelo parceiro
2026-08,KA-02,CI-0021,73.0,181.0,Observado pelo parceiro
2025-09,KA-02,CI-0024,109.0,200.0,Observado pelo parceiro
2025-10,KA-02,CI-0024,116.0,191.0,Observado pelo parceiro
2025-11,KA-02,CI-0024,127.0,200.0,Observado pelo parceiro
2025-12,KA-02,CI-0024,125.0,203.0,Observado pelo parceiro
2026-01,KA-02,CI-0024,94.0,188.0,Observado pelo parceiro
2026-02,KA-02,CI-0024,63.0,190.0,Observado pelo parceiro
2026-03,KA-02,CI-0024,73.0,195.0,Observado pelo parceiro
2026-04,KA-02,CI-0024,71.0,184.0,Observado pelo parceiro
2026-05,KA-02,CI-0024,146.0,199.0,Observado pelo parceiro
2026-06,KA-02,CI-0024,114.0,216.0,Observado pelo parceiro
2026-07,KA-02,CI-0024,148.0,231.0,Observado pelo parceiro
2026-08,KA-02,CI-0024,79.0,243.0,Observado pelo parceiro
2025-09,KA-02,CI-0027,147.0,112.0,Observado pelo parceiro
2025-10,KA-02,CI-0027,195.0,127.0,Observado pelo parceiro
2025-11,KA-02,CI-0027,74.0,121.0,Observado pelo parceiro
2025-12,KA-02,CI-0027,178.0,125.0,Observado pelo parceiro
2026-01,KA-02,CI-0027,143.0,110.0,Observado pelo parceiro
2026-02,KA-02,CI-0027,81.0,113.0,Observado pelo parceiro
2026-03,KA-02,CI-0027,151.0,115.0,Observado pelo parceiro
2026-04,KA-02,CI-0027,169.0,89.0,Observado pelo parceiro
2026-05,KA-02,CI-0027,131.0,88.0,Observado pelo parceiro
2026-06,KA-02,CI-0027,155.0,100.0,Observado pelo parceiro
2026-07,KA-02,CI-0027,80.0,89.0,Observado pelo parceiro
2026-08,KA-02,CI-0027,196.0,67.0,Observado pelo parceiro
2025-09,KA-02,CI-0030,234.0,151.0,Observado pelo parceiro
2025-10,KA-02,CI-0030,126.0,169.0,Observado pelo parceiro
2025-11,KA-02,CI-0030,214.0,200.0,Observado pelo parceiro
2025-12,KA-02,CI-0030,89.0,206.0,Observado pelo parceiro
2026-01,KA-02,CI-0030,213.0,243.0,Observado pelo parceiro
2026-02,KA-02,CI-0030,186.0,240.0,Observado pelo parceiro
2026-03,KA-02,CI-0030,229.0,228.0,Observado pelo parceiro
2026-04,KA-02,CI-0030,168.0,215.0,Observado pelo parceiro
2026-05,KA-02,CI-0030,132.0,210.0,Observado pelo parceiro
2026-06,KA-02,CI-0030,109.0,224.0,Observado pelo parceiro
2026-07,KA-02,CI-0030,87.0,222.0,Observado pelo parceiro
2026-08,KA-02,CI-0030,209.0,257.0,Observado pelo parceiro
2025-09,KA-03,CI-0001,20.0,259.0,Observado pelo parceiro
2025-10,KA-03,CI-0001,24.0,271.0,Observado pelo parceiro
2025-11,KA-03,CI-0001,39.0,290.0,Observado pelo parceiro
2025-12,KA-03,CI-0001,27.0,303.0,Observado pelo parceiro
2026-01,KA-03,CI-0001,39.0,309.0,Observado pelo parceiro
2026-02,KA-03,CI-0001,29.0,306.0,Observado pelo parceiro
2026-03,KA-03,CI-0001,27.0,302.0,Observado pelo parceiro
2026-04,KA-03,CI-0001,15.0,302.0,Observado pelo parceiro
2026-05,KA-03,CI-0001,37.0,304.0,Observado pelo parceiro
2026-06,KA-03,CI-0001,25.0,304.0,Observado pelo parceiro
2026-07,KA-03,CI-0001,38.0,323.0,Observado pelo parceiro
2026-08,KA-03,CI-0001,41.0,343.0,Observado pelo parceiro
2025-09,KA-03,CI-0004,74.0,208.0,Observado pelo parceiro
2025-10,KA-03,CI-0004,40.0,214.0,Observado pelo parceiro
2025-11,KA-03,CI-0004,47.0,220.0,Observado pelo parceiro
2025-12,KA-03,CI-0004,48.0,222.0,Observado pelo parceiro
2026-01,KA-03,CI-0004,35.0,222.0,Observado pelo parceiro
2026-02,KA-03,CI-0004,80.0,214.0,Observado pelo parceiro
2026-03,KA-03,CI-0004,62.0,210.0,Observado pelo parceiro
2026-04,KA-03,CI-0004,32.0,207.0,Observado pelo parceiro
2026-05,KA-03,CI-0004,50.0,200.0,Observado pelo parceiro
2026-06,KA-03,CI-0004,31.0,199.0,Observado pelo parceiro
2026-07,KA-03,CI-0004,36.0,202.0,Observado pelo parceiro
2026-08,KA-03,CI-0004,32.0,206.0,Observado pelo parceiro
2025-09,KA-03,CI-0007,126.0,230.0,Observado pelo parceiro
2025-10,KA-03,CI-0007,50.0,225.0,Observado pelo parceiro
2025-11,KA-03,CI-0007,99.0,211.0,Observado pelo parceiro
2025-12,KA-03,CI-0007,104.0,215.0,Observado pelo parceiro
2026-01,KA-03,CI-0007,98.0,224.0,Observado pelo parceiro
2026-02,KA-03,CI-0007,87.0,222.0,Observado pelo parceiro
2026-03,KA-03,CI-0007,55.0,214.0,Observado pelo parceiro
2026-04,KA-03,CI-0007,68.0,207.0,Observado pelo parceiro
2026-05,KA-03,CI-0007,126.0,195.0,Observado pelo parceiro
2026-06,KA-03,CI-0007,119.0,196.0,Observado pelo parceiro
2026-07,KA-03,CI-0007,47.0,193.0,Observado pelo parceiro
2026-08,KA-03,CI-0007,113.0,198.0,Observado pelo parceiro
2025-09,KA-03,CI-0010,130.0,125.0,Observado pelo parceiro
2025-10,KA-03,CI-0010,167.0,105.0,Observado pelo parceiro
2025-11,KA-03,CI-0010,105.0,100.0,Observado pelo parceiro
2025-12,KA-03,CI-0010,77.0,109.0,Observado pelo parceiro
2026-01,KA-03,CI-0010,137.0,120.0,Observado pelo parceiro
2026-02,KA-03,CI-0010,118.0,130.0,Observado pelo parceiro
2026-03,KA-03,CI-0010,76.0,125.0,Observado pelo parceiro
2026-04,KA-03,CI-0010,90.0,115.0,Observado pelo parceiro
2026-05,KA-03,CI-0010,135.0,122.0,Observado pelo parceiro
2026-06,KA-03,CI-0010,76.0,124.0,Observado pelo parceiro
2026-07,KA-03,CI-0010,159.0,137.0,Observado pelo parceiro
2026-08,KA-03,CI-0010,129.0,150.0,Observado pelo parceiro
2025-09,KA-03,CI-0013,190.0,64.0,Observado pelo parceiro
2025-10,KA-03,CI-0013,114.0,58.0,Observado pelo parceiro
2025-11,KA-03,CI-0013,116.0,66.0,Observado pelo parceiro
2025-12,KA-03,CI-0013,84.0,74.0,Observado pelo parceiro
2026-01,KA-03,CI-0013,204.0,66.0,Observado pelo parceiro
2026-02,KA-03,CI-0013,153.0,75.0,Observado pelo parceiro
2026-03,KA-03,CI-0013,141.0,83.0,Observado pelo parceiro
2026-04,KA-03,CI-0013,160.0,68.0,Observado pelo parceiro
2026-05,KA-03,CI-0013,164.0,75.0,Observado pelo parceiro
2026-06,KA-03,CI-0013,182.0,105.0,Observado pelo parceiro
2026-07,KA-03,CI-0013,86.0,117.0,Observado pelo parceiro
2026-08,KA-03,CI-0013,98.0,125.0,Observado pelo parceiro
2025-09,KA-03,CI-0016,23.0,121.0,Observado pelo parceiro
2025-10,KA-03,CI-0016,25.0,120.0,Observado pelo parceiro
2025-11,KA-03,CI-0016,26.0,118.0,Observado pelo parceiro
2025-12,KA-03,CI-0016,32.0,121.0,Observado pelo parceiro
2026-01,KA-03,CI-0016,28.0,118.0,Observado pelo parceiro
2026-02,KA-03,CI-0016,23.0,120.0,Observado pelo parceiro
2026-03,KA-03,CI-0016,36.0,118.0,Observado pelo parceiro
2026-04,KA-03,CI-0016,22.0,120.0,Observado pelo parceiro
2026-05,KA-03,CI-0016,41.0,124.0,Observado pelo parceiro
2026-06,KA-03,CI-0016,21.0,122.0,Observado pelo parceiro
2026-07,KA-03,CI-0016,24.0,120.0,Observado pelo parceiro
2026-08,KA-03,CI-0016,27.0,120.0,Observado pelo parceiro
2025-09,KA-03,CI-0019,67.0,50.0,Observado pelo parceiro
2025-10,KA-03,CI-0019,40.0,51.0,Observado pelo parceiro
2025-11,KA-03,CI-0019,69.0,57.0,Observado pelo parceiro
2025-12,KA-03,CI-0019,65.0,63.0,Observado pelo parceiro
2026-01,KA-03,CI-0019,65.0,61.0,Observado pelo parceiro
2026-02,KA-03,CI-0019,48.0,58.0,Observado pelo parceiro
2026-03,KA-03,CI-0019,71.0,69.0,Observado pelo parceiro
2026-04,KA-03,CI-0019,49.0,66.0,Observado pelo parceiro
2026-05,KA-03,CI-0019,66.0,74.0,Observado pelo parceiro
2026-06,KA-03,CI-0019,81.0,81.0,Observado pelo parceiro
2026-07,KA-03,CI-0019,62.0,91.0,Observado pelo parceiro
2026-08,KA-03,CI-0019,79.0,99.0,Observado pelo parceiro
2025-09,KA-03,CI-0022,47.0,176.0,Observado pelo parceiro
2025-10,KA-03,CI-0022,103.0,186.0,Observado pelo parceiro
2025-11,KA-03,CI-0022,73.0,196.0,Observado pelo parceiro
2025-12,KA-03,CI-0022,64.0,186.0,Observado pelo parceiro
2026-01,KA-03,CI-0022,72.0,193.0,Observado pelo parceiro
2026-02,KA-03,CI-0022,47.0,197.0,Observado pelo parceiro
2026-03,KA-03,CI-0022,60.0,199.0,Observado pelo parceiro
2026-04,KA-03,CI-0022,59.0,200.0,Observado pelo parceiro
2026-05,KA-03,CI-0022,98.0,191.0,Observado pelo parceiro
2026-06,KA-03,CI-0022,116.0,192.0,Observado pelo parceiro
2026-07,KA-03,CI-0022,113.0,184.0,Observado pelo parceiro
2026-08,KA-03,CI-0022,116.0,194.0,Observado pelo parceiro
2025-09,KA-03,CI-0025,108.0,285.0,Observado pelo parceiro
2025-10,KA-03,CI-0025,113.0,269.0,Observado pelo parceiro
2025-11,KA-03,CI-0025,129.0,285.0,Observado pelo parceiro
2025-12,KA-03,CI-0025,102.0,301.0,Observado pelo parceiro
2026-01,KA-03,CI-0025,84.0,298.0,Observado pelo parceiro
2026-02,KA-03,CI-0025,62.0,295.0,Observado pelo parceiro
2026-03,KA-03,CI-0025,146.0,315.0,Observado pelo parceiro
2026-04,KA-03,CI-0025,70.0,306.0,Observado pelo parceiro
2026-05,KA-03,CI-0025,61.0,301.0,Observado pelo parceiro
2026-06,KA-03,CI-0025,117.0,296.0,Observado pelo parceiro
2026-07,KA-03,CI-0025,153.0,309.0,Observado pelo parceiro
2026-08,KA-03,CI-0025,104.0,311.0,Observado pelo parceiro
2025-09,KA-03,CI-0028,146.0,81.0,Observado pelo parceiro
2025-10,KA-03,CI-0028,102.0,98.0,Observado pelo parceiro
2025-11,KA-03,CI-0028,208.0,93.0,Observado pelo parceiro
2025-12,KA-03,CI-0028,174.0,75.0,Observado pelo parceiro
2026-01,KA-03,CI-0028,210.0,111.0,Observado pelo parceiro
2026-02,KA-03,CI-0028,163.0,103.0,Observado pelo parceiro
2026-03,KA-03,CI-0028,132.0,94.0,Observado pelo parceiro
2026-04,KA-03,CI-0028,147.0,112.0,Observado pelo parceiro
2026-05,KA-03,CI-0028,135.0,108.0,Observado pelo parceiro
2026-06,KA-03,CI-0028,80.0,119.0,Observado pelo parceiro
2026-07,KA-03,CI-0028,125.0,110.0,Observado pelo parceiro
2026-08,KA-03,CI-0028,181.0,92.0,Observado pelo parceiro
2025-09,KA-04,CI-0002,35.0,188.0,Observado pelo parceiro
2025-10,KA-04,CI-0002,25.0,190.0,Observado pelo parceiro
2025-11,KA-04,CI-0002,26.0,189.0,Observado pelo parceiro
2025-12,KA-04,CI-0002,52.0,197.0,Observado pelo parceiro
2026-01,KA-04,CI-0002,47.0,200.0,Observado pelo parceiro
2026-02,KA-04,CI-0002,41.0,199.0,Observado pelo parceiro
2026-03,KA-04,CI-0002,36.0,202.0,Observado pelo parceiro
2026-04,KA-04,CI-0002,21.0,203.0,Observado pelo parceiro
2026-05,KA-04,CI-0002,43.0,202.0,Observado pelo parceiro
2026-06,KA-04,CI-0002,24.0,200.0,Observado pelo parceiro
2026-07,KA-04,CI-0002,45.0,194.0,Observado pelo parceiro
2026-08,KA-04,CI-0002,51.0,194.0,Observado pelo parceiro
2025-09,KA-04,CI-0005,47.0,106.0,Observado pelo parceiro
2025-10,KA-04,CI-0005,49.0,110.0,Observado pelo parceiro
2025-11,KA-04,CI-0005,80.0,107.0,Observado pelo parceiro
2025-12,KA-04,CI-0005,93.0,116.0,Observado pelo parceiro
2026-01,KA-04,CI-0005,80.0,129.0,Observado pelo parceiro
2026-02,KA-04,CI-0005,74.0,127.0,Observado pelo parceiro
2026-03,KA-04,CI-0005,48.0,134.0,Observado pelo parceiro
2026-04,KA-04,CI-0005,52.0,128.0,Observado pelo parceiro
2026-05,KA-04,CI-0005,47.0,121.0,Observado pelo parceiro
2026-06,KA-04,CI-0005,83.0,133.0,Observado pelo parceiro
2026-07,KA-04,CI-0005,86.0,132.0,Observado pelo parceiro
2026-08,KA-04,CI-0005,44.0,131.0,Observado pelo parceiro
2025-09,KA-04,CI-0008,76.0,174.0,Observado pelo parceiro
2025-10,KA-04,CI-0008,74.0,177.0,Observado pelo parceiro
2025-11,KA-04,CI-0008,97.0,163.0,Observado pelo parceiro
2025-12,KA-04,CI-0008,126.0,163.0,Observado pelo parceiro
2026-01,KA-04,CI-0008,123.0,149.0,Observado pelo parceiro
2026-02,KA-04,CI-0008,64.0,140.0,Observado pelo parceiro
2026-03,KA-04,CI-0008,116.0,136.0,Observado pelo parceiro
2026-04,KA-04,CI-0008,61.0,131.0,Observado pelo parceiro
2026-05,KA-04,CI-0008,82.0,132.0,Observado pelo parceiro
2026-06,KA-04,CI-0008,86.0,129.0,Observado pelo parceiro
2026-07,KA-04,CI-0008,117.0,131.0,Observado pelo parceiro
2026-08,KA-04,CI-0008,95.0,144.0,Observado pelo parceiro
2025-09,KA-04,CI-0011,161.0,229.0,Observado pelo parceiro
2025-10,KA-04,CI-0011,145.0,254.0,Observado pelo parceiro
2025-11,KA-04,CI-0011,108.0,247.0,Observado pelo parceiro
2025-12,KA-04,CI-0011,126.0,245.0,Observado pelo parceiro
2026-01,KA-04,CI-0011,165.0,223.0,Observado pelo parceiro
2026-02,KA-04,CI-0011,120.0,210.0,Observado pelo parceiro
2026-03,KA-04,CI-0011,159.0,225.0,Observado pelo parceiro
2026-04,KA-04,CI-0011,94.0,220.0,Observado pelo parceiro
2026-05,KA-04,CI-0011,178.0,198.0,Observado pelo parceiro
2026-06,KA-04,CI-0011,71.0,201.0,Observado pelo parceiro
2026-07,KA-04,CI-0011,86.0,213.0,Observado pelo parceiro
2026-08,KA-04,CI-0011,97.0,224.0,Observado pelo parceiro
2025-09,KA-04,CI-0014,130.0,136.0,Observado pelo parceiro
2025-10,KA-04,CI-0014,151.0,148.0,Observado pelo parceiro
2025-11,KA-04,CI-0014,176.0,179.0,Observado pelo parceiro
2025-12,KA-04,CI-0014,204.0,194.0,Observado pelo parceiro
2026-01,KA-04,CI-0014,181.0,194.0,Observado pelo parceiro
2026-02,KA-04,CI-0014,186.0,221.0,Observado pelo parceiro
2026-03,KA-04,CI-0014,140.0,226.0,Observado pelo parceiro
2026-04,KA-04,CI-0014,128.0,218.0,Observado pelo parceiro
2026-05,KA-04,CI-0014,118.0,203.0,Observado pelo parceiro
2026-06,KA-04,CI-0014,226.0,241.0,Observado pelo parceiro
2026-07,KA-04,CI-0014,200.0,250.0,Observado pelo parceiro
2026-08,KA-04,CI-0014,186.0,247.0,Observado pelo parceiro
2025-09,KA-04,CI-0017,35.0,58.0,Observado pelo parceiro
2025-10,KA-04,CI-0017,26.0,54.0,Observado pelo parceiro
2025-11,KA-04,CI-0017,42.0,47.0,Observado pelo parceiro
2025-12,KA-04,CI-0017,36.0,53.0,Observado pelo parceiro
2026-01,KA-04,CI-0017,52.0,58.0,Observado pelo parceiro
2026-02,KA-04,CI-0017,48.0,58.0,Observado pelo parceiro
2026-03,KA-04,CI-0017,48.0,54.0,Observado pelo parceiro
2026-04,KA-04,CI-0017,24.0,54.0,Observado pelo parceiro
2026-05,KA-04,CI-0017,42.0,55.0,Observado pelo parceiro
2026-06,KA-04,CI-0017,25.0,57.0,Observado pelo parceiro
2026-07,KA-04,CI-0017,50.0,54.0,Observado pelo parceiro
2026-08,KA-04,CI-0017,25.0,51.0,Observado pelo parceiro
2025-09,KA-04,CI-0020,77.0,50.0,Observado pelo parceiro
2025-10,KA-04,CI-0020,46.0,58.0,Observado pelo parceiro
2025-11,KA-04,CI-0020,78.0,62.0,Observado pelo parceiro
2025-12,KA-04,CI-0020,43.0,69.0,Observado pelo parceiro
2026-01,KA-04,CI-0020,67.0,60.0,Observado pelo parceiro
2026-02,KA-04,CI-0020,55.0,53.0,Observado pelo parceiro
2026-03,KA-04,CI-0020,65.0,46.0,Observado pelo parceiro
2026-04,KA-04,CI-0020,86.0,58.0,Observado pelo parceiro
2026-05,KA-04,CI-0020,60.0,54.0,Observado pelo parceiro
2026-06,KA-04,CI-0020,90.0,49.0,Observado pelo parceiro
2026-07,KA-04,CI-0020,42.0,55.0,Observado pelo parceiro
2026-08,KA-04,CI-0020,52.0,47.0,Observado pelo parceiro
2025-09,KA-04,CI-0023,128.0,220.0,Observado pelo parceiro
2025-10,KA-04,CI-0023,66.0,224.0,Observado pelo parceiro
2025-11,KA-04,CI-0023,116.0,225.0,Observado pelo parceiro
2025-12,KA-04,CI-0023,63.0,217.0,Observado pelo parceiro
2026-01,KA-04,CI-0023,127.0,238.0,Observado pelo parceiro
2026-02,KA-04,CI-0023,73.0,228.0,Observado pelo parceiro
2026-03,KA-04,CI-0023,76.0,221.0,Observado pelo parceiro
2026-04,KA-04,CI-0023,120.0,215.0,Observado pelo parceiro
2026-05,KA-04,CI-0023,88.0,214.0,Observado pelo parceiro
2026-06,KA-04,CI-0023,59.0,214.0,Observado pelo parceiro
2026-07,KA-04,CI-0023,102.0,211.0,Observado pelo parceiro
2026-08,KA-04,CI-0023,75.0,222.0,Observado pelo parceiro
2025-09,KA-04,CI-0026,156.0,285.0,Observado pelo parceiro
2025-10,KA-04,CI-0026,154.0,304.0,Observado pelo parceiro
2025-11,KA-04,CI-0026,94.0,293.0,Observado pelo parceiro
2025-12,KA-04,CI-0026,71.0,292.0,Observado pelo parceiro
2026-01,KA-04,CI-0026,67.0,285.0,Observado pelo parceiro
2026-02,KA-04,CI-0026,125.0,270.0,Observado pelo parceiro
2026-03,KA-04,CI-0026,74.0,264.0,Observado pelo parceiro
2026-04,KA-04,CI-0026,99.0,264.0,Observado pelo parceiro
2026-05,KA-04,CI-0026,133.0,257.0,Observado pelo parceiro
2026-06,KA-04,CI-0026,166.0,232.0,Observado pelo parceiro
2026-07,KA-04,CI-0026,131.0,255.0,Observado pelo parceiro
2026-08,KA-04,CI-0026,119.0,252.0,Observado pelo parceiro
2025-09,KA-04,CI-0029,88.0,88.0,Observado pelo parceiro
2025-10,KA-04,CI-0029,111.0,98.0,Observado pelo parceiro
2025-11,KA-04,CI-0029,154.0,86.0,Observado pelo parceiro
2025-12,KA-04,CI-0029,157.0,86.0,Observado pelo parceiro
2026-01,KA-04,CI-0029,101.0,92.0,Observado pelo parceiro
2026-02,KA-04,CI-0029,185.0,123.0,Observado pelo parceiro
2026-03,KA-04,CI-0029,133.0,119.0,Observado pelo parceiro
2026-04,KA-04,CI-0029,189.0,119.0,Observado pelo parceiro
2026-05,KA-04,CI-0029,149.0,107.0,Observado pelo parceiro
2026-06,KA-04,CI-0029,220.0,104.0,Observado pelo parceiro
2026-07,KA-04,CI-0029,211.0,74.0,Observado pelo parceiro
2026-08,KA-04,CI-0029,203.0,78.0,Observado pelo parceiro
2025-09,KA-05,CI-0003,56.0,271.0,Observado pelo parceiro
2025-10,KA-05,CI-0003,48.0,272.0,Observado pelo parceiro
2025-11,KA-05,CI-0003,53.0,265.0,Observado pelo parceiro
2025-12,KA-05,CI-0003,30.0,260.0,Observado pelo parceiro
2026-01,KA-05,CI-0003,42.0,264.0,Observado pelo parceiro
2026-02,KA-05,CI-0003,64.0,274.0,Observado pelo parceiro
2026-03,KA-05,CI-0003,56.0,279.0,Observado pelo parceiro
2026-04,KA-05,CI-0003,49.0,279.0,Observado pelo parceiro
2026-05,KA-05,CI-0003,29.0,283.0,Observado pelo parceiro
2026-06,KA-05,CI-0003,60.0,276.0,Observado pelo parceiro
2026-07,KA-05,CI-0003,60.0,283.0,Observado pelo parceiro
2026-08,KA-05,CI-0003,69.0,280.0,Observado pelo parceiro
2025-09,KA-05,CI-0006,103.0,122.0,Observado pelo parceiro
2025-10,KA-05,CI-0006,63.0,121.0,Observado pelo parceiro
2025-11,KA-05,CI-0006,65.0,115.0,Observado pelo parceiro
2025-12,KA-05,CI-0006,88.0,118.0,Observado pelo parceiro
2026-01,KA-05,CI-0006,75.0,107.0,Observado pelo parceiro
2026-02,KA-05,CI-0006,100.0,109.0,Observado pelo parceiro
2026-03,KA-05,CI-0006,113.0,119.0,Observado pelo parceiro
2026-04,KA-05,CI-0006,91.0,124.0,Observado pelo parceiro
2026-05,KA-05,CI-0006,58.0,133.0,Observado pelo parceiro
2026-06,KA-05,CI-0006,111.0,120.0,Observado pelo parceiro
2026-07,KA-05,CI-0006,98.0,111.0,Observado pelo parceiro
2026-08,KA-05,CI-0006,108.0,116.0,Observado pelo parceiro
2025-09,KA-05,CI-0009,74.0,258.0,Observado pelo parceiro
2025-10,KA-05,CI-0009,73.0,270.0,Observado pelo parceiro
2025-11,KA-05,CI-0009,83.0,270.0,Observado pelo parceiro
2025-12,KA-05,CI-0009,89.0,282.0,Observado pelo parceiro
2026-01,KA-05,CI-0009,99.0,267.0,Observado pelo parceiro
2026-02,KA-05,CI-0009,152.0,273.0,Observado pelo parceiro
2026-03,KA-05,CI-0009,137.0,252.0,Observado pelo parceiro
2026-04,KA-05,CI-0009,151.0,230.0,Observado pelo parceiro
2026-05,KA-05,CI-0009,154.0,250.0,Observado pelo parceiro
2026-06,KA-05,CI-0009,64.0,255.0,Observado pelo parceiro
2026-07,KA-05,CI-0009,140.0,253.0,Observado pelo parceiro
2026-08,KA-05,CI-0009,119.0,239.0,Observado pelo parceiro
2025-09,KA-05,CI-0012,132.0,83.0,Observado pelo parceiro
2025-10,KA-05,CI-0012,121.0,68.0,Observado pelo parceiro
2025-11,KA-05,CI-0012,124.0,80.0,Observado pelo parceiro
2025-12,KA-05,CI-0012,97.0,85.0,Observado pelo parceiro
2026-01,KA-05,CI-0012,192.0,96.0,Observado pelo parceiro
2026-02,KA-05,CI-0012,79.0,103.0,Observado pelo parceiro
2026-03,KA-05,CI-0012,152.0,87.0,Observado pelo parceiro
2026-04,KA-05,CI-0012,182.0,64.0,Observado pelo parceiro
2026-05,KA-05,CI-0012,183.0,83.0,Observado pelo parceiro
2026-06,KA-05,CI-0012,148.0,88.0,Observado pelo parceiro
2026-07,KA-05,CI-0012,139.0,77.0,Observado pelo parceiro
2026-08,KA-05,CI-0012,116.0,85.0,Observado pelo parceiro
2025-09,KA-05,CI-0015,155.0,177.0,Observado pelo parceiro
2025-10,KA-05,CI-0015,86.0,187.0,Observado pelo parceiro
2025-11,KA-05,CI-0015,236.0,225.0,Observado pelo parceiro
2025-12,KA-05,CI-0015,213.0,249.0,Observado pelo parceiro
2026-01,KA-05,CI-0015,105.0,254.0,Observado pelo parceiro
2026-02,KA-05,CI-0015,113.0,249.0,Observado pelo parceiro
2026-03,KA-05,CI-0015,148.0,273.0,Observado pelo parceiro
2026-04,KA-05,CI-0015,160.0,272.0,Observado pelo parceiro
2026-05,KA-05,CI-0015,241.0,263.0,Observado pelo parceiro
2026-06,KA-05,CI-0015,166.0,284.0,Observado pelo parceiro
2026-07,KA-05,CI-0015,88.0,297.0,Observado pelo parceiro
2026-08,KA-05,CI-0015,127.0,306.0,Observado pelo parceiro
2025-09,KA-05,CI-0018,40.0,185.0,Observado pelo parceiro
2025-10,KA-05,CI-0018,51.0,193.0,Observado pelo parceiro
2025-11,KA-05,CI-0018,52.0,202.0,Observado pelo parceiro
2025-12,KA-05,CI-0018,36.0,206.0,Observado pelo parceiro
2026-01,KA-05,CI-0018,48.0,203.0,Observado pelo parceiro
2026-02,KA-05,CI-0018,61.0,213.0,Observado pelo parceiro
2026-03,KA-05,CI-0018,51.0,214.0,Observado pelo parceiro
2026-04,KA-05,CI-0018,30.0,213.0,Observado pelo parceiro
2026-05,KA-05,CI-0018,39.0,214.0,Observado pelo parceiro
2026-06,KA-05,CI-0018,64.0,223.0,Observado pelo parceiro
2026-07,KA-05,CI-0018,55.0,230.0,Observado pelo parceiro
2026-08,KA-05,CI-0018,48.0,232.0,Observado pelo parceiro
2025-09,KA-05,CI-0021,42.0,160.0,Observado pelo parceiro
2025-10,KA-05,CI-0021,93.0,163.0,Observado pelo parceiro
2025-11,KA-05,CI-0021,74.0,151.0,Observado pelo parceiro
2025-12,KA-05,CI-0021,43.0,152.0,Observado pelo parceiro
2026-01,KA-05,CI-0021,80.0,163.0,Observado pelo parceiro
2026-02,KA-05,CI-0021,48.0,160.0,Observado pelo parceiro
2026-03,KA-05,CI-0021,98.0,160.0,Observado pelo parceiro
2026-04,KA-05,CI-0021,54.0,159.0,Observado pelo parceiro
2026-05,KA-05,CI-0021,64.0,163.0,Observado pelo parceiro
2026-06,KA-05,CI-0021,111.0,162.0,Observado pelo parceiro
2026-07,KA-05,CI-0021,82.0,150.0,Observado pelo parceiro
2026-08,KA-05,CI-0021,104.0,137.0,Observado pelo parceiro
2025-09,KA-05,CI-0024,133.0,58.0,Observado pelo parceiro
2025-10,KA-05,CI-0024,123.0,62.0,Observado pelo parceiro
2025-11,KA-05,CI-0024,142.0,48.0,Observado pelo parceiro
2025-12,KA-05,CI-0024,137.0,57.0,Observado pelo parceiro
2026-01,KA-05,CI-0024,79.0,59.0,Observado pelo parceiro
2026-02,KA-05,CI-0024,111.0,58.0,Observado pelo parceiro
2026-03,KA-05,CI-0024,59.0,59.0,Observado pelo parceiro
2026-04,KA-05,CI-0024,144.0,75.0,Observado pelo parceiro
2026-05,KA-05,CI-0024,131.0,82.0,Observado pelo parceiro
2026-06,KA-05,CI-0024,127.0,75.0,Observado pelo parceiro
2026-07,KA-05,CI-0024,74.0,80.0,Observado pelo parceiro
2026-08,KA-05,CI-0024,89.0,67.0,Observado pelo parceiro
2025-09,KA-05,CI-0027,103.0,94.0,Observado pelo parceiro
2025-10,KA-05,CI-0027,90.0,80.0,Observado pelo parceiro
2025-11,KA-05,CI-0027,107.0,72.0,Observado pelo parceiro
2025-12,KA-05,CI-0027,196.0,71.0,Observado pelo parceiro
2026-01,KA-05,CI-0027,156.0,78.0,Observado pelo parceiro
2026-02,KA-05,CI-0027,80.0,73.0,Observado pelo parceiro
2026-03,KA-05,CI-0027,129.0,75.0,Observado pelo parceiro
2026-04,KA-05,CI-0027,109.0,94.0,Observado pelo parceiro
2026-05,KA-05,CI-0027,191.0,109.0,Observado pelo parceiro
2026-06,KA-05,CI-0027,181.0,137.0,Observado pelo parceiro
2026-07,KA-05,CI-0027,81.0,148.0,Observado pelo parceiro
2026-08,KA-05,CI-0027,97.0,154.0,Observado pelo parceiro
2025-09,KA-05,CI-0030,95.0,101.0,Observado pelo parceiro
2025-10,KA-05,CI-0030,227.0,131.0,Observado pelo parceiro
2025-11,KA-05,CI-0030,142.0,134.0,Observado pelo parceiro
2025-12,KA-05,CI-0030,170.0,157.0,Observado pelo parceiro
2026-01,KA-05,CI-0030,121.0,166.0,Observado pelo parceiro
2026-02,KA-05,CI-0030,226.0,147.0,Observado pelo parceiro
2026-03,KA-05,CI-0030,100.0,142.0,Observado pelo parceiro
2026-04,KA-05,CI-0030,150.0,124.0,Observado pelo parceiro
2026-05,KA-05,CI-0030,128.0,122.0,Observado pelo parceiro
2026-06,KA-05,CI-0030,235.0,135.0,Observado pelo parceiro
2026-07,KA-05,CI-0030,97.0,120.0,Observado pelo parceiro
2026-08,KA-05,CI-0030,216.0,156.0,Observado pelo parceiro
