CADERNO INTELIGENTE — DADOS FICTÍCIOS | Historico_Estoque,Unnamed: 1,Unnamed: 2,Unnamed: 3
,,,
Mês,SKU,Estoque fechamento,Cobertura estimada dias
2025-09,CI-0001,89,18
2025-10,CI-0001,111,22
2025-11,CI-0001,128,26
2025-12,CI-0001,54,11
2026-01,CI-0001,57,11
2026-02,CI-0001,123,25
2026-03,CI-0001,98,20
2026-04,CI-0001,69,14
2026-05,CI-0001,120,24
2026-06,CI-0001,70,14
2026-07,CI-0001,60,12
2026-08,CI-0001,124,25
2025-09,CI-0002,35,5
2025-10,CI-0002,52,8
2025-11,CI-0002,49,7
2025-12,CI-0002,33,5
2026-01,CI-0002,45,7
2026-02,CI-0002,56,8
2026-03,CI-0002,33,5
2026-04,CI-0002,25,4
2026-05,CI-0002,23,4
2026-06,CI-0002,23,4
2026-07,CI-0002,55,8
2026-08,CI-0002,50,8
2025-09,CI-0003,337,40
2025-10,CI-0003,298,36
2025-11,CI-0003,309,37
2025-12,CI-0003,550,66
2026-01,CI-0003,488,58
2026-02,CI-0003,637,76
2026-03,CI-0003,259,31
2026-04,CI-0003,538,64
2026-05,CI-0003,483,58
2026-06,CI-0003,324,39
2026-07,CI-0003,479,57
2026-08,CI-0003,431,51
2025-09,CI-0004,376,37
2025-10,CI-0004,217,21
2025-11,CI-0004,255,25
2025-12,CI-0004,419,42
2026-01,CI-0004,261,26
2026-02,CI-0004,426,42
2026-03,CI-0004,393,39
2026-04,CI-0004,245,24
2026-05,CI-0004,413,41
2026-06,CI-0004,369,37
2026-07,CI-0004,234,23
2026-08,CI-0004,212,21
2025-09,CI-0005,729,62
2025-10,CI-0005,525,45
2025-11,CI-0005,728,62
2025-12,CI-0005,663,56
2026-01,CI-0005,928,79
2026-02,CI-0005,849,72
2026-03,CI-0005,384,33
2026-04,CI-0005,733,62
2026-05,CI-0005,369,31
2026-06,CI-0005,419,36
2026-07,CI-0005,568,48
2026-08,CI-0005,804,68
2025-09,CI-0006,86,6
2025-10,CI-0006,99,7
2025-11,CI-0006,101,7
2025-12,CI-0006,132,10
2026-01,CI-0006,149,11
2026-02,CI-0006,123,9
2026-03,CI-0006,147,11
2026-04,CI-0006,142,11
2026-05,CI-0006,193,14
2026-06,CI-0006,115,9
2026-07,CI-0006,132,10
2026-08,CI-0006,144,11
2025-09,CI-0007,333,22
2025-10,CI-0007,578,38
2025-11,CI-0007,540,36
2025-12,CI-0007,583,38
2026-01,CI-0007,543,36
2026-02,CI-0007,595,39
2026-03,CI-0007,265,17
2026-04,CI-0007,397,26
2026-05,CI-0007,275,18
2026-06,CI-0007,600,40
2026-07,CI-0007,459,30
2026-08,CI-0007,437,29
2025-09,CI-0008,251,15
2025-10,CI-0008,376,22
2025-11,CI-0008,310,18
2025-12,CI-0008,267,16
2026-01,CI-0008,351,21
2026-02,CI-0008,335,20
2026-03,CI-0008,377,22
2026-04,CI-0008,190,11
2026-05,CI-0008,228,14
2026-06,CI-0008,294,17
2026-07,CI-0008,320,19
2026-08,CI-0008,382,23
2025-09,CI-0009,1450,78
2025-10,CI-0009,737,40
2025-11,CI-0009,1458,78
2025-12,CI-0009,947,51
2026-01,CI-0009,848,46
2026-02,CI-0009,807,43
2026-03,CI-0009,765,41
2026-04,CI-0009,660,36
2026-05,CI-0009,665,36
2026-06,CI-0009,598,32
2026-07,CI-0009,772,42
2026-08,CI-0009,716,39
2025-09,CI-0010,161,8
2025-10,CI-0010,84,4
2025-11,CI-0010,155,8
2025-12,CI-0010,132,7
2026-01,CI-0010,79,4
2026-02,CI-0010,70,4
2026-03,CI-0010,160,8
2026-04,CI-0010,80,4
2026-05,CI-0010,83,4
2026-06,CI-0010,134,7
2026-07,CI-0010,106,5
2026-08,CI-0010,157,8
2025-09,CI-0011,490,22
2025-10,CI-0011,900,41
2025-11,CI-0011,701,32
2025-12,CI-0011,597,27
2026-01,CI-0011,395,18
2026-02,CI-0011,955,43
2026-03,CI-0011,534,24
2026-04,CI-0011,391,18
2026-05,CI-0011,824,37
2026-06,CI-0011,776,35
2026-07,CI-0011,835,38
2026-08,CI-0011,908,41
2025-09,CI-0012,809,34
2025-10,CI-0012,501,21
2025-11,CI-0012,443,19
2025-12,CI-0012,734,31
2026-01,CI-0012,417,18
2026-02,CI-0012,964,41
2026-03,CI-0012,663,28
2026-04,CI-0012,624,26
2026-05,CI-0012,620,26
2026-06,CI-0012,969,41
2026-07,CI-0012,849,36
2026-08,CI-0012,641,27
2025-09,CI-0013,1481,58
2025-10,CI-0013,1294,51
2025-11,CI-0013,1512,60
2025-12,CI-0013,1214,48
2026-01,CI-0013,1374,54
2026-02,CI-0013,1469,58
2026-03,CI-0013,1527,60
2026-04,CI-0013,884,35
2026-05,CI-0013,1503,59
2026-06,CI-0013,1229,48
2026-07,CI-0013,1050,41
2026-08,CI-0013,1823,72
2025-09,CI-0014,1613,60
2025-10,CI-0014,1814,67
2025-11,CI-0014,1364,50
2025-12,CI-0014,872,32
2026-01,CI-0014,1960,72
2026-02,CI-0014,1759,65
2026-03,CI-0014,1648,61
2026-04,CI-0014,1052,39
2026-05,CI-0014,2133,79
2026-06,CI-0014,834,31
2026-07,CI-0014,1573,58
2026-08,CI-0014,1857,69
2025-09,CI-0015,242,8
2025-10,CI-0015,345,12
2025-11,CI-0015,380,13
2025-12,CI-0015,268,9
2026-01,CI-0015,174,6
2026-02,CI-0015,242,8
2026-03,CI-0015,290,10
2026-04,CI-0015,252,9
2026-05,CI-0015,170,6
2026-06,CI-0015,384,13
2026-07,CI-0015,200,7
2026-08,CI-0015,416,14
2025-09,CI-0016,114,23
2025-10,CI-0016,132,27
2025-11,CI-0016,205,41
2025-12,CI-0016,184,37
2026-01,CI-0016,209,42
2026-02,CI-0016,164,33
2026-03,CI-0016,112,22
2026-04,CI-0016,198,40
2026-05,CI-0016,184,37
2026-06,CI-0016,205,41
2026-07,CI-0016,150,30
2026-08,CI-0016,135,27
2025-09,CI-0017,25,4
2025-10,CI-0017,26,4
2025-11,CI-0017,55,8
2025-12,CI-0017,51,8
2026-01,CI-0017,57,9
2026-02,CI-0017,54,8
2026-03,CI-0017,36,5
2026-04,CI-0017,38,6
2026-05,CI-0017,57,9
2026-06,CI-0017,37,6
2026-07,CI-0017,26,4
2026-08,CI-0017,30,5
2025-09,CI-0018,31,4
2025-10,CI-0018,42,5
2025-11,CI-0018,71,9
2025-12,CI-0018,68,8
2026-01,CI-0018,42,5
2026-02,CI-0018,63,8
2026-03,CI-0018,54,7
2026-04,CI-0018,62,7
2026-05,CI-0018,68,8
2026-06,CI-0018,61,7
2026-07,CI-0018,70,8
2026-08,CI-0018,53,6
2025-09,CI-0019,243,24
2025-10,CI-0019,140,14
2025-11,CI-0019,123,12
2025-12,CI-0019,245,24
2026-01,CI-0019,199,20
2026-02,CI-0019,127,13
2026-03,CI-0019,241,24
2026-04,CI-0019,103,10
2026-05,CI-0019,232,23
2026-06,CI-0019,215,21
2026-07,CI-0019,214,21
2026-08,CI-0019,237,24
2025-09,CI-0020,235,20
2025-10,CI-0020,250,21
2025-11,CI-0020,275,23
2025-12,CI-0020,431,37
2026-01,CI-0020,195,17
2026-02,CI-0020,355,30
2026-03,CI-0020,509,43
2026-04,CI-0020,364,31
2026-05,CI-0020,229,19
2026-06,CI-0020,246,21
2026-07,CI-0020,461,39
2026-08,CI-0020,265,22
2025-09,CI-0021,1260,93
2025-10,CI-0021,2147,159
2025-11,CI-0021,1966,146
2025-12,CI-0021,1153,85
2026-01,CI-0021,1694,125
2026-02,CI-0021,1945,144
2026-03,CI-0021,1874,139
2026-04,CI-0021,1191,88
2026-05,CI-0021,869,64
2026-06,CI-0021,1260,93
2026-07,CI-0021,1352,100
2026-08,CI-0021,1984,147
2025-09,CI-0022,1994,131
2025-10,CI-0022,1590,105
2025-11,CI-0022,1972,130
2025-12,CI-0022,943,62
2026-01,CI-0022,1085,71
2026-02,CI-0022,1809,119
2026-03,CI-0022,1851,122
2026-04,CI-0022,1416,93
2026-05,CI-0022,2229,147
2026-06,CI-0022,1196,79
2026-07,CI-0022,2416,159
2026-08,CI-0022,1034,68
2025-09,CI-0023,85,5
2025-10,CI-0023,116,7
2025-11,CI-0023,61,4
2025-12,CI-0023,66,4
2026-01,CI-0023,66,4
2026-02,CI-0023,126,8
2026-03,CI-0023,91,5
2026-04,CI-0023,108,6
2026-05,CI-0023,76,5
2026-06,CI-0023,88,5
2026-07,CI-0023,142,8
2026-08,CI-0023,109,7
2025-09,CI-0024,770,41
2025-10,CI-0024,531,29
2025-11,CI-0024,583,31
2025-12,CI-0024,599,32
2026-01,CI-0024,634,34
2026-02,CI-0024,750,40
2026-03,CI-0024,404,22
2026-04,CI-0024,783,42
2026-05,CI-0024,642,35
2026-06,CI-0024,439,24
2026-07,CI-0024,336,18
2026-08,CI-0024,600,32
2025-09,CI-0025,223,11
2025-10,CI-0025,466,23
2025-11,CI-0025,397,20
2025-12,CI-0025,347,17
2026-01,CI-0025,473,23
2026-02,CI-0025,437,22
2026-03,CI-0025,204,10
2026-04,CI-0025,314,15
2026-05,CI-0025,334,17
2026-06,CI-0025,246,12
2026-07,CI-0025,501,25
2026-08,CI-0025,367,18
2025-09,CI-0026,715,33
2025-10,CI-0026,1082,49
2025-11,CI-0026,1472,67
2025-12,CI-0026,1541,70
2026-01,CI-0026,806,37
2026-02,CI-0026,1538,70
2026-03,CI-0026,863,39
2026-04,CI-0026,818,37
2026-05,CI-0026,792,36
2026-06,CI-0026,1183,54
2026-07,CI-0026,1640,75
2026-08,CI-0026,1412,64
2025-09,CI-0027,724,31
2025-10,CI-0027,1030,43
2025-11,CI-0027,460,19
2025-12,CI-0027,920,39
2026-01,CI-0027,944,40
2026-02,CI-0027,901,38
2026-03,CI-0027,862,36
2026-04,CI-0027,826,35
2026-05,CI-0027,870,37
2026-06,CI-0027,402,17
2026-07,CI-0027,1029,43
2026-08,CI-0027,929,39
2025-09,CI-0028,679,27
2025-10,CI-0028,787,31
2025-11,CI-0028,655,26
2025-12,CI-0028,468,18
2026-01,CI-0028,674,27
2026-02,CI-0028,964,38
2026-03,CI-0028,459,18
2026-04,CI-0028,644,25
2026-05,CI-0028,749,30
2026-06,CI-0028,679,27
2026-07,CI-0028,959,38
2026-08,CI-0028,479,19
2025-09,CI-0029,1653,61
2025-10,CI-0029,1169,43
2025-11,CI-0029,2148,79
2025-12,CI-0029,2015,74
2026-01,CI-0029,1243,46
2026-02,CI-0029,1062,39
2026-03,CI-0029,1351,50
2026-04,CI-0029,2142,79
2026-05,CI-0029,1406,52
2026-06,CI-0029,1454,54
2026-07,CI-0029,1653,61
2026-08,CI-0029,1070,40
2025-09,CI-0030,819,28
2025-10,CI-0030,765,27
2025-11,CI-0030,730,25
2025-12,CI-0030,782,27
2026-01,CI-0030,819,28
2026-02,CI-0030,818,28
2026-03,CI-0030,1127,39
2026-04,CI-0030,1012,35
2026-05,CI-0030,1069,37
2026-06,CI-0030,913,32
2026-07,CI-0030,1035,36
2026-08,CI-0030,948,33
2025-09,CI-0031,58,12
2025-10,CI-0031,51,10
2025-11,CI-0031,33,7
2025-12,CI-0031,48,10
2026-01,CI-0031,39,8
2026-02,CI-0031,46,9
2026-03,CI-0031,54,11
2026-04,CI-0031,34,7
2026-05,CI-0031,34,7
2026-06,CI-0031,27,6
2026-07,CI-0031,52,11
2026-08,CI-0031,54,11
2025-09,CI-0032,985,147
2025-10,CI-0032,435,65
2025-11,CI-0032,526,79
2025-12,CI-0032,501,75
2026-01,CI-0032,992,148
2026-02,CI-0032,693,104
2026-03,CI-0032,597,89
2026-04,CI-0032,874,131
2026-05,CI-0032,484,72
2026-06,CI-0032,431,64
2026-07,CI-0032,499,75
2026-08,CI-0032,786,117
2025-09,CI-0033,50,6
2025-10,CI-0033,56,7
2025-11,CI-0033,62,8
2025-12,CI-0033,46,6
2026-01,CI-0033,71,9
2026-02,CI-0033,28,3
2026-03,CI-0033,59,7
2026-04,CI-0033,34,4
2026-05,CI-0033,46,6
2026-06,CI-0033,28,3
2026-07,CI-0033,58,7
2026-08,CI-0033,33,4
2025-09,CI-0034,191,19
2025-10,CI-0034,211,21
2025-11,CI-0034,146,15
2025-12,CI-0034,194,19
2026-01,CI-0034,115,12
2026-02,CI-0034,252,25
2026-03,CI-0034,195,19
2026-04,CI-0034,117,12
2026-05,CI-0034,221,22
2026-06,CI-0034,191,19
2026-07,CI-0034,177,18
2026-08,CI-0034,251,25
2025-09,CI-0035,456,39
2025-10,CI-0035,727,62
2025-11,CI-0035,481,41
2025-12,CI-0035,365,31
2026-01,CI-0035,738,63
2026-02,CI-0035,889,75
2026-03,CI-0035,537,46
2026-04,CI-0035,814,69
2026-05,CI-0035,912,77
2026-06,CI-0035,892,76
2026-07,CI-0035,557,47
2026-08,CI-0035,886,75
2025-09,CI-0036,817,61
2025-10,CI-0036,726,54
2025-11,CI-0036,429,32
2025-12,CI-0036,592,44
2026-01,CI-0036,928,69
2026-02,CI-0036,706,52
2026-03,CI-0036,644,48
2026-04,CI-0036,583,43
2026-05,CI-0036,589,44
2026-06,CI-0036,608,45
2026-07,CI-0036,867,64
2026-08,CI-0036,671,50
2025-09,CI-0037,137,9
2025-10,CI-0037,150,10
2025-11,CI-0037,163,11
2025-12,CI-0037,91,6
2026-01,CI-0037,174,11
2026-02,CI-0037,118,8
2026-03,CI-0037,129,9
2026-04,CI-0037,151,10
2026-05,CI-0037,89,6
2026-06,CI-0037,198,13
2026-07,CI-0037,190,13
2026-08,CI-0037,113,7
2025-09,CI-0038,2685,159
2025-10,CI-0038,1108,66
2025-11,CI-0038,1515,90
2025-12,CI-0038,1771,105
2026-01,CI-0038,2032,120
2026-02,CI-0038,1255,74
2026-03,CI-0038,2673,158
2026-04,CI-0038,1714,101
2026-05,CI-0038,1737,103
2026-06,CI-0038,2173,129
2026-07,CI-0038,1169,69
2026-08,CI-0038,2179,129
2025-09,CI-0039,1049,56
2025-10,CI-0039,1620,87
2025-11,CI-0039,1443,78
2025-12,CI-0039,1280,69
2026-01,CI-0039,882,47
2026-02,CI-0039,2149,116
2026-03,CI-0039,1059,57
2026-04,CI-0039,935,50
2026-05,CI-0039,1323,71
2026-06,CI-0039,1283,69
2026-07,CI-0039,910,49
2026-08,CI-0039,2158,116
2025-09,CI-0040,2343,115
2025-10,CI-0040,2433,120
2025-11,CI-0040,1842,91
2025-12,CI-0040,2375,117
2026-01,CI-0040,1529,75
2026-02,CI-0040,2043,101
2026-03,CI-0040,1862,92
2026-04,CI-0040,1342,66
2026-05,CI-0040,2435,120
2026-06,CI-0040,2816,139
2026-07,CI-0040,2292,113
2026-08,CI-0040,1732,85
2025-09,CI-0041,171,8
2025-10,CI-0041,137,6
2025-11,CI-0041,86,4
2025-12,CI-0041,176,8
2026-01,CI-0041,187,9
2026-02,CI-0041,128,6
2026-03,CI-0041,169,8
2026-04,CI-0041,119,5
2026-05,CI-0041,119,5
2026-06,CI-0041,135,6
2026-07,CI-0041,106,5
2026-08,CI-0041,155,7
2025-09,CI-0042,950,40
2025-10,CI-0042,957,40
2025-11,CI-0042,707,30
2025-12,CI-0042,537,23
2026-01,CI-0042,575,24
2026-02,CI-0042,933,39
2026-03,CI-0042,765,32
2026-04,CI-0042,884,37
2026-05,CI-0042,672,28
2026-06,CI-0042,950,40
2026-07,CI-0042,751,32
2026-08,CI-0042,518,22
2025-09,CI-0043,3024,119
2025-10,CI-0043,2509,99
2025-11,CI-0043,2018,79
2025-12,CI-0043,2543,100
2026-01,CI-0043,1761,69
2026-02,CI-0043,2363,93
2026-03,CI-0043,1785,70
2026-04,CI-0043,2124,84
2026-05,CI-0043,2648,104
2026-06,CI-0043,2369,93
2026-07,CI-0043,2974,117
2026-08,CI-0043,2395,94
2025-09,CI-0044,3245,120
2025-10,CI-0044,1973,73
2025-11,CI-0044,4224,156
2025-12,CI-0044,2070,76
2026-01,CI-0044,2465,91
2026-02,CI-0044,2042,75
2026-03,CI-0044,4104,151
2026-04,CI-0044,3573,132
2026-05,CI-0044,2932,108
2026-06,CI-0044,2280,84
2026-07,CI-0044,3712,137
2026-08,CI-0044,3491,129
2025-09,CI-0045,570,20
2025-10,CI-0045,445,15
2025-11,CI-0045,653,23
2025-12,CI-0045,334,12
2026-01,CI-0045,335,12
2026-02,CI-0045,447,16
2026-03,CI-0045,469,16
2026-04,CI-0045,410,14
2026-05,CI-0045,559,19
2026-06,CI-0045,711,25
2026-07,CI-0045,712,25
2026-08,CI-0045,296,10
2025-09,CI-0046,73,15
2025-10,CI-0046,68,14
2025-11,CI-0046,94,19
2025-12,CI-0046,123,25
2026-01,CI-0046,83,17
2026-02,CI-0046,82,16
2026-03,CI-0046,81,16
2026-04,CI-0046,52,11
2026-05,CI-0046,62,13
2026-06,CI-0046,89,18
2026-07,CI-0046,54,11
2026-08,CI-0046,62,12
2025-09,CI-0047,67,10
2025-10,CI-0047,71,11
2025-11,CI-0047,37,6
2025-12,CI-0047,96,14
2026-01,CI-0047,69,10
2026-02,CI-0047,46,7
2026-03,CI-0047,51,8
2026-04,CI-0047,79,12
2026-05,CI-0047,37,6
2026-06,CI-0047,50,8
2026-07,CI-0047,65,10
2026-08,CI-0047,86,13
2025-09,CI-0048,106,13
2025-10,CI-0048,89,11
2025-11,CI-0048,114,14
2025-12,CI-0048,68,8
2026-01,CI-0048,108,13
2026-02,CI-0048,73,9
2026-03,CI-0048,76,9
2026-04,CI-0048,73,9
2026-05,CI-0048,97,12
2026-06,CI-0048,80,10
2026-07,CI-0048,92,11
2026-08,CI-0048,114,14
2025-09,CI-0049,76,8
2025-10,CI-0049,63,6
2025-11,CI-0049,86,9
2025-12,CI-0049,54,5
2026-01,CI-0049,56,6
2026-02,CI-0049,44,4
2026-03,CI-0049,77,8
2026-04,CI-0049,35,4
2026-05,CI-0049,64,6
2026-06,CI-0049,65,7
2026-07,CI-0049,54,5
2026-08,CI-0049,80,8
2025-09,CI-0050,111,9
2025-10,CI-0050,111,9
2025-11,CI-0050,75,6
2025-12,CI-0050,152,13
2026-01,CI-0050,131,11
2026-02,CI-0050,139,12
2026-03,CI-0050,140,12
2026-04,CI-0050,167,14
2026-05,CI-0050,80,7
2026-06,CI-0050,95,8
2026-07,CI-0050,148,13
2026-08,CI-0050,106,9
