CADERNO INTELIGENTE — DADOS FICTÍCIOS | Capacidade semanal,Unnamed: 1,Unnamed: 2,Unnamed: 3,Unnamed: 4,Unnamed: 5,Unnamed: 6,Unnamed: 7,Unnamed: 8
,,,,,,,,
Semana inicial,Linha,Família,Capacidade máxima,Compromissos base,Ordens planejadas,Capacidade comprometida,Capacidade disponível,Ocupação
2026-09-14 00:00:00,Linha Cadernos,Clássico,18000,9540,5400,14940,3060,0.83
2026-09-14 00:00:00,Linha Escolar,Escolar,12000,8240,2800,11040,960,0.92
2026-09-14 00:00:00,Linha Refis,Refis,35000,20600,6000,26600,8400,0.76
2026-09-14 00:00:00,Linha Planner,Planner,8000,4920,1400,6320,1680,0.79
2026-09-14 00:00:00,Linha Acessórios,Acessórios,25000,12500,4500,17000,8000,0.68
2026-09-14 00:00:00,Linha Executivo,Executivo,7000,4330,1200,5530,1470,0.79
2026-09-21 00:00:00,Linha Cadernos,Clássico,18000,15300,0,15300,2700,0.85
2026-09-21 00:00:00,Linha Escolar,Escolar,12000,11280,0,11280,720,0.94
2026-09-21 00:00:00,Linha Refis,Refis,35000,25200,0,25200,9800,0.72
2026-09-21 00:00:00,Linha Planner,Planner,8000,6480,0,6480,1520,0.81
2026-09-21 00:00:00,Linha Acessórios,Acessórios,25000,17500,0,17500,7500,0.7
2026-09-21 00:00:00,Linha Executivo,Executivo,7000,5250,0,5250,1750,0.75
2026-09-28 00:00:00,Linha Cadernos,Clássico,18000,15660,0,15660,2340,0.87
2026-09-28 00:00:00,Linha Escolar,Escolar,12000,10800,0,10800,1200,0.9
2026-09-28 00:00:00,Linha Refis,Refis,35000,25900,0,25900,9100,0.74
2026-09-28 00:00:00,Linha Planner,Planner,8000,6640,0,6640,1360,0.83
2026-09-28 00:00:00,Linha Acessórios,Acessórios,25000,16500,0,16500,8500,0.66
2026-09-28 00:00:00,Linha Executivo,Executivo,7000,5390,0,5390,1610,0.77
2026-10-05 00:00:00,Linha Cadernos,Clássico,18000,14940,0,14940,3060,0.83
2026-10-05 00:00:00,Linha Escolar,Escolar,12000,11040,0,11040,960,0.92
2026-10-05 00:00:00,Linha Refis,Refis,35000,26600,0,26600,8400,0.76
2026-10-05 00:00:00,Linha Planner,Planner,8000,6320,0,6320,1680,0.79
2026-10-05 00:00:00,Linha Acessórios,Acessórios,25000,17000,0,17000,8000,0.68
2026-10-05 00:00:00,Linha Executivo,Executivo,7000,5530,0,5530,1470,0.79
2026-10-12 00:00:00,Linha Cadernos,Clássico,18000,15300,0,15300,2700,0.85
2026-10-12 00:00:00,Linha Escolar,Escolar,12000,11280,0,11280,720,0.94
2026-10-12 00:00:00,Linha Refis,Refis,35000,25200,0,25200,9800,0.72
2026-10-12 00:00:00,Linha Planner,Planner,8000,6480,0,6480,1520,0.81
2026-10-12 00:00:00,Linha Acessórios,Acessórios,25000,17500,0,17500,7500,0.7
2026-10-12 00:00:00,Linha Executivo,Executivo,7000,5250,0,5250,1750,0.75
2026-10-19 00:00:00,Linha Cadernos,Clássico,18000,15660,0,15660,2340,0.87
2026-10-19 00:00:00,Linha Escolar,Escolar,12000,10800,0,10800,1200,0.9
2026-10-19 00:00:00,Linha Refis,Refis,35000,25900,0,25900,9100,0.74
2026-10-19 00:00:00,Linha Planner,Planner,8000,6640,0,6640,1360,0.83
2026-10-19 00:00:00,Linha Acessórios,Acessórios,25000,16500,0,16500,8500,0.66
2026-10-19 00:00:00,Linha Executivo,Executivo,7000,5390,0,5390,1610,0.77
2026-10-26 00:00:00,Linha Cadernos,Clássico,18000,14940,0,14940,3060,0.83
2026-10-26 00:00:00,Linha Escolar,Escolar,12000,11040,0,11040,960,0.92
2026-10-26 00:00:00,Linha Refis,Refis,35000,26600,0,26600,8400,0.76
2026-10-26 00:00:00,Linha Planner,Planner,8000,6320,0,6320,1680,0.79
2026-10-26 00:00:00,Linha Acessórios,Acessórios,25000,17000,0,17000,8000,0.68
2026-10-26 00:00:00,Linha Executivo,Executivo,7000,5530,0,5530,1470,0.79
2026-11-02 00:00:00,Linha Cadernos,Clássico,18000,15300,0,15300,2700,0.85
2026-11-02 00:00:00,Linha Escolar,Escolar,12000,11280,0,11280,720,0.94
2026-11-02 00:00:00,Linha Refis,Refis,35000,25200,0,25200,9800,0.72
2026-11-02 00:00:00,Linha Planner,Planner,8000,6480,0,6480,1520,0.81
2026-11-02 00:00:00,Linha Acessórios,Acessórios,25000,17500,0,17500,7500,0.7
2026-11-02 00:00:00,Linha Executivo,Executivo,7000,5250,0,5250,1750,0.75
2026-11-09 00:00:00,Linha Cadernos,Clássico,18000,15660,0,15660,2340,0.87
2026-11-09 00:00:00,Linha Escolar,Escolar,12000,10800,0,10800,1200,0.9
2026-11-09 00:00:00,Linha Refis,Refis,35000,25900,0,25900,9100,0.74
2026-11-09 00:00:00,Linha Planner,Planner,8000,6640,0,6640,1360,0.83
2026-11-09 00:00:00,Linha Acessórios,Acessórios,25000,16500,0,16500,8500,0.66
2026-11-09 00:00:00,Linha Executivo,Executivo,7000,5390,0,5390,1610,0.77
2026-11-16 00:00:00,Linha Cadernos,Clássico,18000,15660,0,15660,2340,0.87
2026-11-16 00:00:00,Linha Escolar,Escolar,12000,11520,0,11520,480,0.96
2026-11-16 00:00:00,Linha Refis,Refis,35000,28000,0,28000,7000,0.8
2026-11-16 00:00:00,Linha Planner,Planner,8000,6640,0,6640,1360,0.83
2026-11-16 00:00:00,Linha Acessórios,Acessórios,25000,18000,0,18000,7000,0.72
2026-11-16 00:00:00,Linha Executivo,Executivo,7000,5810,0,5810,1190,0.83
2026-11-23 00:00:00,Linha Cadernos,Clássico,18000,16020,0,16020,1980,0.89
2026-11-23 00:00:00,Linha Escolar,Escolar,12000,11520,0,11520,480,0.96
2026-11-23 00:00:00,Linha Refis,Refis,35000,26600,0,26600,8400,0.76
2026-11-23 00:00:00,Linha Planner,Planner,8000,6800,0,6800,1200,0.85
2026-11-23 00:00:00,Linha Acessórios,Acessórios,25000,18500,0,18500,6500,0.74
2026-11-23 00:00:00,Linha Executivo,Executivo,7000,5530,0,5530,1470,0.79
2026-11-30 00:00:00,Linha Cadernos,Clássico,18000,16380,0,16380,1620,0.91
2026-11-30 00:00:00,Linha Escolar,Escolar,12000,11280,0,11280,720,0.94
2026-11-30 00:00:00,Linha Refis,Refis,35000,27300,0,27300,7700,0.78
2026-11-30 00:00:00,Linha Planner,Planner,8000,6960,0,6960,1040,0.87
2026-11-30 00:00:00,Linha Acessórios,Acessórios,25000,17500,0,17500,7500,0.7
2026-11-30 00:00:00,Linha Executivo,Executivo,7000,5670,0,5670,1330,0.81
2026-12-07 00:00:00,Linha Cadernos,Clássico,18000,15660,0,15660,2340,0.87
2026-12-07 00:00:00,Linha Escolar,Escolar,12000,11520,0,11520,480,0.96
2026-12-07 00:00:00,Linha Refis,Refis,35000,28000,0,28000,7000,0.8
2026-12-07 00:00:00,Linha Planner,Planner,8000,6640,0,6640,1360,0.83
2026-12-07 00:00:00,Linha Acessórios,Acessórios,25000,18000,0,18000,7000,0.72
2026-12-07 00:00:00,Linha Executivo,Executivo,7000,5810,0,5810,1190,0.83
2026-12-14 00:00:00,Linha Cadernos,Clássico,18000,16020,0,16020,1980,0.89
2026-12-14 00:00:00,Linha Escolar,Escolar,12000,11520,0,11520,480,0.96
2026-12-14 00:00:00,Linha Refis,Refis,35000,26600,0,26600,8400,0.76
2026-12-14 00:00:00,Linha Planner,Planner,8000,6800,0,6800,1200,0.85
2026-12-14 00:00:00,Linha Acessórios,Acessórios,25000,18500,0,18500,6500,0.74
2026-12-14 00:00:00,Linha Executivo,Executivo,7000,5530,0,5530,1470,0.79
2026-12-21 00:00:00,Linha Cadernos,Clássico,18000,16380,0,16380,1620,0.91
2026-12-21 00:00:00,Linha Escolar,Escolar,12000,11280,0,11280,720,0.94
2026-12-21 00:00:00,Linha Refis,Refis,35000,27300,0,27300,7700,0.78
2026-12-21 00:00:00,Linha Planner,Planner,8000,6960,0,6960,1040,0.87
2026-12-21 00:00:00,Linha Acessórios,Acessórios,25000,17500,0,17500,7500,0.7
2026-12-21 00:00:00,Linha Executivo,Executivo,7000,5670,0,5670,1330,0.81
2026-12-28 00:00:00,Linha Cadernos,Clássico,18000,14940,0,14940,3060,0.83
2026-12-28 00:00:00,Linha Escolar,Escolar,12000,11040,0,11040,960,0.92
2026-12-28 00:00:00,Linha Refis,Refis,35000,26600,0,26600,8400,0.76
2026-12-28 00:00:00,Linha Planner,Planner,8000,6320,0,6320,1680,0.79
2026-12-28 00:00:00,Linha Acessórios,Acessórios,25000,17000,0,17000,8000,0.68
2026-12-28 00:00:00,Linha Executivo,Executivo,7000,5530,0,5530,1470,0.79
