CADERNO INTELIGENTE — DADOS FICTÍCIOS | Estoque_Atual,Unnamed: 1,Unnamed: 2,Unnamed: 3,Unnamed: 4,Unnamed: 5
,,,,,
SKU,Estoque atual,Cobertura dias,Estoque segurança dias,Demanda média mensal,Local
CI-0001,90,18,7,150,CD Central
CI-0002,40,6,10,201,CD Central
CI-0003,462,55,13,252,CD Central
CI-0004,303,30,16,303,CD Central
CI-0005,649,55,19,354,CD Central
CI-0006,135,10,7,405,CD Central
CI-0007,456,30,10,456,CD Central
CI-0008,304,18,13,507,CD Central
CI-0009,1023,55,16,558,CD Central
CI-0010,121,6,19,609,CD Central
CI-0011,660,30,7,660,CD Central
CI-0012,711,30,10,711,CD Central
CI-0013,1397,55,13,762,CD Central
CI-0014,1490,55,16,813,CD Central
CI-0015,288,10,19,864,CD Central
CI-0016,150,30,7,150,CD Central
CI-0017,40,6,10,201,CD Central
CI-0018,50,6,13,252,CD Central
CI-0019,181,18,16,303,CD Central
CI-0020,354,30,19,354,CD Central
CI-0021,1485,110,7,405,CD Central
CI-0022,1672,110,10,456,CD Central
CI-0023,101,6,13,507,CD Central
CI-0024,558,30,16,558,CD Central
CI-0025,365,18,19,609,CD Central
CI-0026,1210,55,7,660,CD Central
CI-0027,711,30,10,711,CD Central
CI-0028,762,30,13,762,CD Central
CI-0029,1490,55,16,813,CD Central
CI-0030,864,30,19,864,CD Central
CI-0031,50,10,7,150,CD Central
CI-0032,737,110,10,201,CD Central
CI-0033,50,6,13,252,CD Central
CI-0034,181,18,16,303,CD Central
CI-0035,649,55,19,354,CD Central
CI-0036,742,55,7,405,CD Central
CI-0037,152,10,10,456,CD Central
CI-0038,1858,110,13,507,CD Central
CI-0039,1581,85,16,558,CD Central
CI-0040,2233,110,19,609,CD Central
CI-0041,132,6,7,660,CD Central
CI-0042,711,30,10,711,CD Central
CI-0043,2159,85,13,762,CD Central
CI-0044,2981,110,16,813,CD Central
CI-0045,518,18,19,864,CD Central
CI-0046,90,18,7,150,CD Central
CI-0047,67,10,10,201,CD Central
CI-0048,84,10,13,252,CD Central
CI-0049,60,6,16,303,CD Central
CI-0050,118,10,19,354,CD Central
