CADERNO INTELIGENTE — DADOS FICTÍCIOS | Ordens_Producao,Unnamed: 1,Unnamed: 2,Unnamed: 3,Unnamed: 4,Unnamed: 5
,,,,,
Ordem,SKU,Quantidade,Início previsto,Conclusão prevista,Status
OP-7800,CI-0001,600,11/09/2026,25/09/2026,Planejada
OP-7801,CI-0002,900,16/09/2026,01/10/2026,Em produção
OP-7802,CI-0003,600,14/09/2026,30/09/2026,Planejada
OP-7804,CI-0005,1000,11/09/2026,22/09/2026,Em produção
OP-7805,CI-0006,1000,15/09/2026,27/09/2026,Planejada
OP-7806,CI-0007,600,12/09/2026,24/09/2026,Planejada
OP-7807,CI-0008,600,10/09/2026,23/09/2026,Em produção
OP-7808,CI-0009,1200,16/09/2026,30/09/2026,Planejada
OP-7809,CI-0010,300,12/09/2026,24/09/2026,Em produção
OP-7810,CI-0011,900,17/09/2026,02/10/2026,Em produção
OP-7812,CI-0013,500,13/09/2026,23/09/2026,Planejada
OP-7814,CI-0015,800,15/09/2026,12/10/2026,Planejada
OP-7816,CI-0017,600,20/09/2026,12/10/2026,Liberada
OP-7817,CI-0018,500,17/09/2026,29/09/2026,Liberada
OP-7818,CI-0019,600,20/09/2026,02/10/2026,Liberada
OP-7820,CI-0021,1200,19/09/2026,05/10/2026,Liberada
OP-7822,CI-0023,1000,19/09/2026,30/09/2026,Em produção
OP-7824,CI-0025,1600,11/09/2026,01/10/2026,Em produção
OP-7826,CI-0027,900,16/09/2026,02/10/2026,Em produção
OP-7828,CI-0029,800,17/09/2026,09/10/2026,Liberada
OP-7830,CI-0031,1000,16/09/2026,26/09/2026,Planejada
OP-7832,CI-0033,1200,16/09/2026,30/09/2026,Liberada
OP-7833,CI-0034,1200,13/09/2026,25/09/2026,Em produção
OP-7834,CI-0035,600,15/09/2026,28/09/2026,Em produção
OP-7836,CI-0037,900,14/09/2026,28/09/2026,Planejada
OP-7838,CI-0039,1600,13/09/2026,05/10/2026,Liberada
OP-7840,CI-0041,1200,17/09/2026,08/10/2026,Planejada
OP-7842,CI-0043,500,17/09/2026,27/09/2026,Planejada
OP-7844,CI-0045,900,14/09/2026,28/09/2026,Liberada
OP-7845,CI-0046,600,12/09/2026,26/09/2026,Em produção
OP-7846,CI-0047,400,16/09/2026,12/10/2026,Planejada
OP-7847,CI-0048,2000,17/09/2026,29/09/2026,Planejada
OP-7848,CI-0049,600,12/09/2026,24/09/2026,Em produção
OP-7849,CI-0050,1600,16/09/2026,07/10/2026,Liberada
