CADERNO INTELIGENTE — DADOS FICTÍCIOS | Sell_In,Unnamed: 1,Unnamed: 2,Unnamed: 3
,,,
Mês,Cliente,SKU,Quantidade enviada
2025-09,KA-01,CI-0002,48
2025-10,KA-01,CI-0002,49
2025-11,KA-01,CI-0002,24
2025-12,KA-01,CI-0002,50
2026-01,KA-01,CI-0002,35
2026-02,KA-01,CI-0002,37
2026-03,KA-01,CI-0002,33
2026-04,KA-01,CI-0002,30
2026-05,KA-01,CI-0002,50
2026-06,KA-01,CI-0002,51
2026-07,KA-01,CI-0002,46
2026-08,KA-01,CI-0002,29
2025-09,KA-01,CI-0005,64
2025-10,KA-01,CI-0005,106
2025-11,KA-01,CI-0005,73
2025-12,KA-01,CI-0005,71
2026-01,KA-01,CI-0005,34
2026-02,KA-01,CI-0005,89
2026-03,KA-01,CI-0005,35
2026-04,KA-01,CI-0005,93
2026-05,KA-01,CI-0005,58
2026-06,KA-01,CI-0005,41
2026-07,KA-01,CI-0005,95
2026-08,KA-01,CI-0005,73
2025-09,KA-01,CI-0008,112
2025-10,KA-01,CI-0008,85
2025-11,KA-01,CI-0008,123
2025-12,KA-01,CI-0008,103
2026-01,KA-01,CI-0008,103
2026-02,KA-01,CI-0008,67
2026-03,KA-01,CI-0008,116
2026-04,KA-01,CI-0008,84
2026-05,KA-01,CI-0008,115
2026-06,KA-01,CI-0008,101
2026-07,KA-01,CI-0008,97
2026-08,KA-01,CI-0008,109
2025-09,KA-01,CI-0011,83
2025-10,KA-01,CI-0011,124
2025-11,KA-01,CI-0011,156
2025-12,KA-01,CI-0011,166
2026-01,KA-01,CI-0011,121
2026-02,KA-01,CI-0011,94
2026-03,KA-01,CI-0011,126
2026-04,KA-01,CI-0011,146
2026-05,KA-01,CI-0011,87
2026-06,KA-01,CI-0011,182
2026-07,KA-01,CI-0011,178
2026-08,KA-01,CI-0011,123
2025-09,KA-01,CI-0014,122
2025-10,KA-01,CI-0014,84
2025-11,KA-01,CI-0014,135
2025-12,KA-01,CI-0014,164
2026-01,KA-01,CI-0014,142
2026-02,KA-01,CI-0014,201
2026-03,KA-01,CI-0014,121
2026-04,KA-01,CI-0014,190
2026-05,KA-01,CI-0014,176
2026-06,KA-01,CI-0014,123
2026-07,KA-01,CI-0014,127
2026-08,KA-01,CI-0014,134
2025-09,KA-01,CI-0017,30
2025-10,KA-01,CI-0017,23
2025-11,KA-01,CI-0017,23
2025-12,KA-01,CI-0017,33
2026-01,KA-01,CI-0017,38
2026-02,KA-01,CI-0017,40
2026-03,KA-01,CI-0017,60
2026-04,KA-01,CI-0017,30
2026-05,KA-01,CI-0017,42
2026-06,KA-01,CI-0017,35
2026-07,KA-01,CI-0017,27
2026-08,KA-01,CI-0017,58
2025-09,KA-01,CI-0020,59
2025-10,KA-01,CI-0020,86
2025-11,KA-01,CI-0020,89
2025-12,KA-01,CI-0020,96
2026-01,KA-01,CI-0020,48
2026-02,KA-01,CI-0020,77
2026-03,KA-01,CI-0020,61
2026-04,KA-01,CI-0020,81
2026-05,KA-01,CI-0020,60
2026-06,KA-01,CI-0020,103
2026-07,KA-01,CI-0020,88
2026-08,KA-01,CI-0020,45
2025-09,KA-01,CI-0023,130
2025-10,KA-01,CI-0023,75
2025-11,KA-01,CI-0023,130
2025-12,KA-01,CI-0023,91
2026-01,KA-01,CI-0023,68
2026-02,KA-01,CI-0023,76
2026-03,KA-01,CI-0023,84
2026-04,KA-01,CI-0023,65
2026-05,KA-01,CI-0023,85
2026-06,KA-01,CI-0023,110
2026-07,KA-01,CI-0023,109
2026-08,KA-01,CI-0023,139
2025-09,KA-01,CI-0026,92
2025-10,KA-01,CI-0026,177
2025-11,KA-01,CI-0026,147
2025-12,KA-01,CI-0026,157
2026-01,KA-01,CI-0026,61
2026-02,KA-01,CI-0026,187
2026-03,KA-01,CI-0026,155
2026-04,KA-01,CI-0026,79
2026-05,KA-01,CI-0026,119
2026-06,KA-01,CI-0026,141
2026-07,KA-01,CI-0026,81
2026-08,KA-01,CI-0026,152
2025-09,KA-01,CI-0029,89
2025-10,KA-01,CI-0029,118
2025-11,KA-01,CI-0029,88
2025-12,KA-01,CI-0029,111
2026-01,KA-01,CI-0029,188
2026-02,KA-01,CI-0029,146
2026-03,KA-01,CI-0029,137
2026-04,KA-01,CI-0029,251
2026-05,KA-01,CI-0029,102
2026-06,KA-01,CI-0029,236
2026-07,KA-01,CI-0029,183
2026-08,KA-01,CI-0029,124
2025-09,KA-02,CI-0003,27
2025-10,KA-02,CI-0003,28
2025-11,KA-02,CI-0003,55
2025-12,KA-02,CI-0003,59
2026-01,KA-02,CI-0003,27
2026-02,KA-02,CI-0003,33
2026-03,KA-02,CI-0003,42
2026-04,KA-02,CI-0003,32
2026-05,KA-02,CI-0003,44
2026-06,KA-02,CI-0003,25
2026-07,KA-02,CI-0003,25
2026-08,KA-02,CI-0003,51
2025-09,KA-02,CI-0006,115
2025-10,KA-02,CI-0006,82
2025-11,KA-02,CI-0006,41
2025-12,KA-02,CI-0006,82
2026-01,KA-02,CI-0006,101
2026-02,KA-02,CI-0006,115
2026-03,KA-02,CI-0006,67
2026-04,KA-02,CI-0006,64
2026-05,KA-02,CI-0006,114
2026-06,KA-02,CI-0006,108
2026-07,KA-02,CI-0006,43
2026-08,KA-02,CI-0006,68
2025-09,KA-02,CI-0009,163
2025-10,KA-02,CI-0009,187
2025-11,KA-02,CI-0009,141
2025-12,KA-02,CI-0009,153
2026-01,KA-02,CI-0009,253
2026-02,KA-02,CI-0009,141
2026-03,KA-02,CI-0009,175
2026-04,KA-02,CI-0009,107
2026-05,KA-02,CI-0009,136
2026-06,KA-02,CI-0009,141
2026-07,KA-02,CI-0009,137
2026-08,KA-02,CI-0009,122
2025-09,KA-02,CI-0012,101
2025-10,KA-02,CI-0012,94
2025-11,KA-02,CI-0012,106
2025-12,KA-02,CI-0012,169
2026-01,KA-02,CI-0012,172
2026-02,KA-02,CI-0012,123
2026-03,KA-02,CI-0012,188
2026-04,KA-02,CI-0012,102
2026-05,KA-02,CI-0012,106
2026-06,KA-02,CI-0012,169
2026-07,KA-02,CI-0012,97
2026-08,KA-02,CI-0012,187
2025-09,KA-02,CI-0015,80
2025-10,KA-02,CI-0015,84
2025-11,KA-02,CI-0015,177
2025-12,KA-02,CI-0015,124
2026-01,KA-02,CI-0015,156
2026-02,KA-02,CI-0015,163
2026-03,KA-02,CI-0015,86
2026-04,KA-02,CI-0015,109
2026-05,KA-02,CI-0015,151
2026-06,KA-02,CI-0015,199
2026-07,KA-02,CI-0015,159
2026-08,KA-02,CI-0015,142
2025-09,KA-02,CI-0018,31
2025-10,KA-02,CI-0018,76
2025-11,KA-02,CI-0018,73
2025-12,KA-02,CI-0018,44
2026-01,KA-02,CI-0018,40
2026-02,KA-02,CI-0018,70
2026-03,KA-02,CI-0018,65
2026-04,KA-02,CI-0018,36
2026-05,KA-02,CI-0018,70
2026-06,KA-02,CI-0018,32
2026-07,KA-02,CI-0018,47
2026-08,KA-02,CI-0018,50
2025-09,KA-02,CI-0021,92
2025-10,KA-02,CI-0021,88
2025-11,KA-02,CI-0021,62
2025-12,KA-02,CI-0021,72
2026-01,KA-02,CI-0021,91
2026-02,KA-02,CI-0021,68
2026-03,KA-02,CI-0021,56
2026-04,KA-02,CI-0021,70
2026-05,KA-02,CI-0021,61
2026-06,KA-02,CI-0021,59
2026-07,KA-02,CI-0021,77
2026-08,KA-02,CI-0021,76
2025-09,KA-02,CI-0024,93
2025-10,KA-02,CI-0024,107
2025-11,KA-02,CI-0024,136
2025-12,KA-02,CI-0024,128
2026-01,KA-02,CI-0024,79
2026-02,KA-02,CI-0024,65
2026-03,KA-02,CI-0024,78
2026-04,KA-02,CI-0024,60
2026-05,KA-02,CI-0024,161
2026-06,KA-02,CI-0024,131
2026-07,KA-02,CI-0024,163
2026-08,KA-02,CI-0024,91
2025-09,KA-02,CI-0027,172
2025-10,KA-02,CI-0027,210
2025-11,KA-02,CI-0027,68
2025-12,KA-02,CI-0027,182
2026-01,KA-02,CI-0027,128
2026-02,KA-02,CI-0027,84
2026-03,KA-02,CI-0027,153
2026-04,KA-02,CI-0027,143
2026-05,KA-02,CI-0027,130
2026-06,KA-02,CI-0027,167
2026-07,KA-02,CI-0027,69
2026-08,KA-02,CI-0027,174
2025-09,KA-02,CI-0030,273
2025-10,KA-02,CI-0030,144
2025-11,KA-02,CI-0030,245
2025-12,KA-02,CI-0030,95
2026-01,KA-02,CI-0030,250
2026-02,KA-02,CI-0030,183
2026-03,KA-02,CI-0030,217
2026-04,KA-02,CI-0030,155
2026-05,KA-02,CI-0030,127
2026-06,KA-02,CI-0030,123
2026-07,KA-02,CI-0030,85
2026-08,KA-02,CI-0030,244
2025-09,KA-03,CI-0001,30
2025-10,KA-03,CI-0001,36
2025-11,KA-03,CI-0001,58
2025-12,KA-03,CI-0001,40
2026-01,KA-03,CI-0001,45
2026-02,KA-03,CI-0001,26
2026-03,KA-03,CI-0001,23
2026-04,KA-03,CI-0001,15
2026-05,KA-03,CI-0001,39
2026-06,KA-03,CI-0001,25
2026-07,KA-03,CI-0001,57
2026-08,KA-03,CI-0001,61
2025-09,KA-03,CI-0004,71
2025-10,KA-03,CI-0004,46
2025-11,KA-03,CI-0004,53
2025-12,KA-03,CI-0004,50
2026-01,KA-03,CI-0004,35
2026-02,KA-03,CI-0004,72
2026-03,KA-03,CI-0004,58
2026-04,KA-03,CI-0004,29
2026-05,KA-03,CI-0004,43
2026-06,KA-03,CI-0004,30
2026-07,KA-03,CI-0004,39
2026-08,KA-03,CI-0004,36
2025-09,KA-03,CI-0007,121
2025-10,KA-03,CI-0007,45
2025-11,KA-03,CI-0007,85
2025-12,KA-03,CI-0007,108
2026-01,KA-03,CI-0007,107
2026-02,KA-03,CI-0007,85
2026-03,KA-03,CI-0007,47
2026-04,KA-03,CI-0007,61
2026-05,KA-03,CI-0007,114
2026-06,KA-03,CI-0007,120
2026-07,KA-03,CI-0007,44
2026-08,KA-03,CI-0007,118
2025-09,KA-03,CI-0010,147
2025-10,KA-03,CI-0010,147
2025-11,KA-03,CI-0010,100
2025-12,KA-03,CI-0010,86
2026-01,KA-03,CI-0010,148
2026-02,KA-03,CI-0010,128
2026-03,KA-03,CI-0010,71
2026-04,KA-03,CI-0010,80
2026-05,KA-03,CI-0010,142
2026-06,KA-03,CI-0010,78
2026-07,KA-03,CI-0010,172
2026-08,KA-03,CI-0010,142
2025-09,KA-03,CI-0013,172
2025-10,KA-03,CI-0013,108
2025-11,KA-03,CI-0013,124
2025-12,KA-03,CI-0013,92
2026-01,KA-03,CI-0013,196
2026-02,KA-03,CI-0013,162
2026-03,KA-03,CI-0013,149
2026-04,KA-03,CI-0013,145
2026-05,KA-03,CI-0013,171
2026-06,KA-03,CI-0013,212
2026-07,KA-03,CI-0013,98
2026-08,KA-03,CI-0013,106
2025-09,KA-03,CI-0016,20
2025-10,KA-03,CI-0016,24
2025-11,KA-03,CI-0016,24
2025-12,KA-03,CI-0016,35
2026-01,KA-03,CI-0016,25
2026-02,KA-03,CI-0016,25
2026-03,KA-03,CI-0016,34
2026-04,KA-03,CI-0016,24
2026-05,KA-03,CI-0016,45
2026-06,KA-03,CI-0016,19
2026-07,KA-03,CI-0016,22
2026-08,KA-03,CI-0016,27
2025-09,KA-03,CI-0019,59
2025-10,KA-03,CI-0019,41
2025-11,KA-03,CI-0019,75
2025-12,KA-03,CI-0019,71
2026-01,KA-03,CI-0019,63
2026-02,KA-03,CI-0019,45
2026-03,KA-03,CI-0019,82
2026-04,KA-03,CI-0019,46
2026-05,KA-03,CI-0019,74
2026-06,KA-03,CI-0019,88
2026-07,KA-03,CI-0019,72
2026-08,KA-03,CI-0019,87
2025-09,KA-03,CI-0022,52
2025-10,KA-03,CI-0022,113
2025-11,KA-03,CI-0022,83
2025-12,KA-03,CI-0022,54
2026-01,KA-03,CI-0022,79
2026-02,KA-03,CI-0022,51
2026-03,KA-03,CI-0022,62
2026-04,KA-03,CI-0022,60
2026-05,KA-03,CI-0022,89
2026-06,KA-03,CI-0022,117
2026-07,KA-03,CI-0022,105
2026-08,KA-03,CI-0022,126
2025-09,KA-03,CI-0025,114
2025-10,KA-03,CI-0025,97
2025-11,KA-03,CI-0025,145
2025-12,KA-03,CI-0025,118
2026-01,KA-03,CI-0025,81
2026-02,KA-03,CI-0025,59
2026-03,KA-03,CI-0025,166
2026-04,KA-03,CI-0025,61
2026-05,KA-03,CI-0025,56
2026-06,KA-03,CI-0025,112
2026-07,KA-03,CI-0025,166
2026-08,KA-03,CI-0025,106
2025-09,KA-03,CI-0028,157
2025-10,KA-03,CI-0028,119
2025-11,KA-03,CI-0028,203
2025-12,KA-03,CI-0028,156
2026-01,KA-03,CI-0028,246
2026-02,KA-03,CI-0028,155
2026-03,KA-03,CI-0028,123
2026-04,KA-03,CI-0028,165
2026-05,KA-03,CI-0028,131
2026-06,KA-03,CI-0028,91
2026-07,KA-03,CI-0028,116
2026-08,KA-03,CI-0028,163
2025-09,KA-04,CI-0002,39
2025-10,KA-04,CI-0002,27
2025-11,KA-04,CI-0002,25
2025-12,KA-04,CI-0002,60
2026-01,KA-04,CI-0002,50
2026-02,KA-04,CI-0002,40
2026-03,KA-04,CI-0002,39
2026-04,KA-04,CI-0002,22
2026-05,KA-04,CI-0002,42
2026-06,KA-04,CI-0002,22
2026-07,KA-04,CI-0002,39
2026-08,KA-04,CI-0002,51
2025-09,KA-04,CI-0005,53
2025-10,KA-04,CI-0005,53
2025-11,KA-04,CI-0005,77
2025-12,KA-04,CI-0005,102
2026-01,KA-04,CI-0005,93
2026-02,KA-04,CI-0005,72
2026-03,KA-04,CI-0005,55
2026-04,KA-04,CI-0005,46
2026-05,KA-04,CI-0005,40
2026-06,KA-04,CI-0005,95
2026-07,KA-04,CI-0005,85
2026-08,KA-04,CI-0005,43
2025-09,KA-04,CI-0008,75
2025-10,KA-04,CI-0008,77
2025-11,KA-04,CI-0008,83
2025-12,KA-04,CI-0008,126
2026-01,KA-04,CI-0008,109
2026-02,KA-04,CI-0008,55
2026-03,KA-04,CI-0008,112
2026-04,KA-04,CI-0008,56
2026-05,KA-04,CI-0008,83
2026-06,KA-04,CI-0008,83
2026-07,KA-04,CI-0008,119
2026-08,KA-04,CI-0008,108
2025-09,KA-04,CI-0011,165
2025-10,KA-04,CI-0011,170
2025-11,KA-04,CI-0011,101
2025-12,KA-04,CI-0011,124
2026-01,KA-04,CI-0011,143
2026-02,KA-04,CI-0011,107
2026-03,KA-04,CI-0011,174
2026-04,KA-04,CI-0011,89
2026-05,KA-04,CI-0011,156
2026-06,KA-04,CI-0011,74
2026-07,KA-04,CI-0011,98
2026-08,KA-04,CI-0011,108
2025-09,KA-04,CI-0014,142
2025-10,KA-04,CI-0014,163
2025-11,KA-04,CI-0014,207
2025-12,KA-04,CI-0014,219
2026-01,KA-04,CI-0014,181
2026-02,KA-04,CI-0014,213
2026-03,KA-04,CI-0014,145
2026-04,KA-04,CI-0014,120
2026-05,KA-04,CI-0014,103
2026-06,KA-04,CI-0014,264
2026-07,KA-04,CI-0014,209
2026-08,KA-04,CI-0014,183
2025-09,KA-04,CI-0017,36
2025-10,KA-04,CI-0017,22
2025-11,KA-04,CI-0017,35
2025-12,KA-04,CI-0017,42
2026-01,KA-04,CI-0017,57
2026-02,KA-04,CI-0017,48
2026-03,KA-04,CI-0017,44
2026-04,KA-04,CI-0017,24
2026-05,KA-04,CI-0017,43
2026-06,KA-04,CI-0017,27
2026-07,KA-04,CI-0017,47
2026-08,KA-04,CI-0017,22
2025-09,KA-04,CI-0020,69
2025-10,KA-04,CI-0020,54
2025-11,KA-04,CI-0020,82
2025-12,KA-04,CI-0020,50
2026-01,KA-04,CI-0020,58
2026-02,KA-04,CI-0020,48
2026-03,KA-04,CI-0020,58
2026-04,KA-04,CI-0020,98
2026-05,KA-04,CI-0020,56
2026-06,KA-04,CI-0020,85
2026-07,KA-04,CI-0020,48
2026-08,KA-04,CI-0020,44
2025-09,KA-04,CI-0023,121
2025-10,KA-04,CI-0023,70
2025-11,KA-04,CI-0023,117
2025-12,KA-04,CI-0023,55
2026-01,KA-04,CI-0023,148
2026-02,KA-04,CI-0023,63
2026-03,KA-04,CI-0023,69
2026-04,KA-04,CI-0023,114
2026-05,KA-04,CI-0023,87
2026-06,KA-04,CI-0023,59
2026-07,KA-04,CI-0023,99
2026-08,KA-04,CI-0023,86
2025-09,KA-04,CI-0026,154
2025-10,KA-04,CI-0026,173
2025-11,KA-04,CI-0026,83
2025-12,KA-04,CI-0026,70
2026-01,KA-04,CI-0026,60
2026-02,KA-04,CI-0026,110
2026-03,KA-04,CI-0026,68
2026-04,KA-04,CI-0026,99
2026-05,KA-04,CI-0026,126
2026-06,KA-04,CI-0026,141
2026-07,KA-04,CI-0026,154
2026-08,KA-04,CI-0026,116
2025-09,KA-04,CI-0029,91
2025-10,KA-04,CI-0029,121
2025-11,KA-04,CI-0029,142
2025-12,KA-04,CI-0029,157
2026-01,KA-04,CI-0029,107
2026-02,KA-04,CI-0029,216
2026-03,KA-04,CI-0029,129
2026-04,KA-04,CI-0029,189
2026-05,KA-04,CI-0029,137
2026-06,KA-04,CI-0029,217
2026-07,KA-04,CI-0029,181
2026-08,KA-04,CI-0029,207
2025-09,KA-05,CI-0003,53
2025-10,KA-05,CI-0003,49
2025-11,KA-05,CI-0003,46
2025-12,KA-05,CI-0003,25
2026-01,KA-05,CI-0003,46
2026-02,KA-05,CI-0003,74
2026-03,KA-05,CI-0003,61
2026-04,KA-05,CI-0003,49
2026-05,KA-05,CI-0003,33
2026-06,KA-05,CI-0003,53
2026-07,KA-05,CI-0003,67
2026-08,KA-05,CI-0003,66
2025-09,KA-05,CI-0006,99
2025-10,KA-05,CI-0006,62
2025-11,KA-05,CI-0006,59
2025-12,KA-05,CI-0006,91
2026-01,KA-05,CI-0006,64
2026-02,KA-05,CI-0006,102
2026-03,KA-05,CI-0006,123
2026-04,KA-05,CI-0006,96
2026-05,KA-05,CI-0006,67
2026-06,KA-05,CI-0006,98
2026-07,KA-05,CI-0006,89
2026-08,KA-05,CI-0006,113
2025-09,KA-05,CI-0009,73
2025-10,KA-05,CI-0009,85
2025-11,KA-05,CI-0009,83
2025-12,KA-05,CI-0009,101
2026-01,KA-05,CI-0009,84
2026-02,KA-05,CI-0009,158
2026-03,KA-05,CI-0009,116
2026-04,KA-05,CI-0009,129
2026-05,KA-05,CI-0009,174
2026-06,KA-05,CI-0009,69
2026-07,KA-05,CI-0009,138
2026-08,KA-05,CI-0009,105
2025-09,KA-05,CI-0012,151
2025-10,KA-05,CI-0012,106
2025-11,KA-05,CI-0012,136
2025-12,KA-05,CI-0012,102
2026-01,KA-05,CI-0012,203
2026-02,KA-05,CI-0012,86
2026-03,KA-05,CI-0012,136
2026-04,KA-05,CI-0012,159
2026-05,KA-05,CI-0012,202
2026-06,KA-05,CI-0012,153
2026-07,KA-05,CI-0012,128
2026-08,KA-05,CI-0012,124
2025-09,KA-05,CI-0015,149
2025-10,KA-05,CI-0015,96
2025-11,KA-05,CI-0015,274
2025-12,KA-05,CI-0015,237
2026-01,KA-05,CI-0015,110
2026-02,KA-05,CI-0015,108
2026-03,KA-05,CI-0015,172
2026-04,KA-05,CI-0015,159
2026-05,KA-05,CI-0015,232
2026-06,KA-05,CI-0015,187
2026-07,KA-05,CI-0015,101
2026-08,KA-05,CI-0015,136
2025-09,KA-05,CI-0018,36
2025-10,KA-05,CI-0018,59
2025-11,KA-05,CI-0018,61
2025-12,KA-05,CI-0018,40
2026-01,KA-05,CI-0018,45
2026-02,KA-05,CI-0018,71
2026-03,KA-05,CI-0018,52
2026-04,KA-05,CI-0018,29
2026-05,KA-05,CI-0018,40
2026-06,KA-05,CI-0018,73
2026-07,KA-05,CI-0018,62
2026-08,KA-05,CI-0018,50
2025-09,KA-05,CI-0021,43
2025-10,KA-05,CI-0021,96
2025-11,KA-05,CI-0021,62
2025-12,KA-05,CI-0021,44
2026-01,KA-05,CI-0021,91
2026-02,KA-05,CI-0021,45
2026-03,KA-05,CI-0021,98
2026-04,KA-05,CI-0021,53
2026-05,KA-05,CI-0021,68
2026-06,KA-05,CI-0021,110
2026-07,KA-05,CI-0021,70
2026-08,KA-05,CI-0021,91
2025-09,KA-05,CI-0024,139
2025-10,KA-05,CI-0024,127
2025-11,KA-05,CI-0024,128
2025-12,KA-05,CI-0024,146
2026-01,KA-05,CI-0024,81
2026-02,KA-05,CI-0024,110
2026-03,KA-05,CI-0024,60
2026-04,KA-05,CI-0024,160
2026-05,KA-05,CI-0024,138
2026-06,KA-05,CI-0024,120
2026-07,KA-05,CI-0024,79
2026-08,KA-05,CI-0024,76
2025-09,KA-05,CI-0027,117
2025-10,KA-05,CI-0027,76
2025-11,KA-05,CI-0027,99
2025-12,KA-05,CI-0027,195
2026-01,KA-05,CI-0027,163
2026-02,KA-05,CI-0027,75
2026-03,KA-05,CI-0027,131
2026-04,KA-05,CI-0027,128
2026-05,KA-05,CI-0027,206
2026-06,KA-05,CI-0027,209
2026-07,KA-05,CI-0027,92
2026-08,KA-05,CI-0027,103
2025-09,KA-05,CI-0030,110
2025-10,KA-05,CI-0030,257
2025-11,KA-05,CI-0030,145
2025-12,KA-05,CI-0030,193
2026-01,KA-05,CI-0030,130
2026-02,KA-05,CI-0030,207
2026-03,KA-05,CI-0030,95
2026-04,KA-05,CI-0030,132
2026-05,KA-05,CI-0030,126
2026-06,KA-05,CI-0030,248
2026-07,KA-05,CI-0030,82
2026-08,KA-05,CI-0030,252
