CADERNO INTELIGENTE — DADOS FICTÍCIOS | Sell_Out — cobertura parcial,Unnamed: 1,Unnamed: 2,Unnamed: 3,Unnamed: 4,Unnamed: 5
,,,,,
Mês,Cliente,SKU,Quantidade vendida,Estoque estimado cliente,Natureza do dado
2025-09,KA-01,CI-0002,44,197,Observado pelo parceiro
2025-10,KA-01,CI-0002,47,199,Observado pelo parceiro
2025-11,KA-01,CI-0002,21,202,Observado pelo parceiro
2025-12,KA-01,CI-0002,55,197,Observado pelo parceiro
2026-01,KA-01,CI-0002,39,193,Observado pelo parceiro
2026-02,KA-01,CI-0002,39,191,Observado pelo parceiro
2026-03,KA-01,CI-0002,39,185,Observado pelo parceiro
2026-04,KA-01,CI-0002,29,186,Observado pelo parceiro
2026-05,KA-01,CI-0002,54,182,Observado pelo parceiro
2026-06,KA-01,CI-0002,51,182,Observado pelo parceiro
2026-07,KA-01,CI-0002,43,185,Observado pelo parceiro
2026-08,KA-01,CI-0002,33,181,Observado pelo parceiro
2025-09,KA-01,CI-0005,70,192,Observado pelo parceiro
2025-10,KA-01,CI-0005,92,206,Observado pelo parceiro
2025-11,KA-01,CI-0005,84,195,Observado pelo parceiro
2025-12,KA-01,CI-0005,74,192,Observado pelo parceiro
2026-01,KA-01,CI-0005,39,187,Observado pelo parceiro
2026-02,KA-01,CI-0005,84,192,Observado pelo parceiro
2026-03,KA-01,CI-0005,35,192,Observado pelo parceiro
2026-04,KA-01,CI-0005,88,197,Observado pelo parceiro
2026-05,KA-01,CI-0005,54,201,Observado pelo parceiro
2026-06,KA-01,CI-0005,38,204,Observado pelo parceiro
2026-07,KA-01,CI-0005,88,211,Observado pelo parceiro
2026-08,KA-01,CI-0005,77,207,Observado pelo parceiro
2025-09,KA-01,CI-0008,96,230,Observado pelo parceiro
2025-10,KA-01,CI-0008,93,222,Observado pelo parceiro
2025-11,KA-01,CI-0008,130,215,Observado pelo parceiro
2025-12,KA-01,CI-0008,112,206,Observado pelo parceiro
2026-01,KA-01,CI-0008,102,207,Observado pelo parceiro
2026-02,KA-01,CI-0008,63,211,Observado pelo parceiro
2026-03,KA-01,CI-0008,120,207,Observado pelo parceiro
2026-04,KA-01,CI-0008,80,211,Observado pelo parceiro
2026-05,KA-01,CI-0008,129,197,Observado pelo parceiro
2026-06,KA-01,CI-0008,96,202,Observado pelo parceiro
2026-07,KA-01,CI-0008,104,195,Observado pelo parceiro
2026-08,KA-01,CI-0008,112,192,Observado pelo parceiro
2025-09,KA-01,CI-0011,96,90,Observado pelo parceiro
2025-10,KA-01,CI-0011,122,92,Observado pelo parceiro
2025-11,KA-01,CI-0011,171,77,Observado pelo parceiro
2025-12,KA-01,CI-0011,144,99,Observado pelo parceiro
2026-01,KA-01,CI-0011,122,98,Observado pelo parceiro
2026-02,KA-01,CI-0011,91,101,Observado pelo parceiro
2026-03,KA-01,CI-0011,121,106,Observado pelo parceiro
2026-04,KA-01,CI-0011,151,101,Observado pelo parceiro
2026-05,KA-01,CI-0011,85,103,Observado pelo parceiro
2026-06,KA-01,CI-0011,160,125,Observado pelo parceiro
2026-07,KA-01,CI-0011,183,120,Observado pelo parceiro
2026-08,KA-01,CI-0011,111,132,Observado pelo parceiro
2025-09,KA-01,CI-0014,123,93,Observado pelo parceiro
2025-10,KA-01,CI-0014,94,83,Observado pelo parceiro
2025-11,KA-01,CI-0014,138,80,Observado pelo parceiro
2025-12,KA-01,CI-0014,189,55,Observado pelo parceiro
2026-01,KA-01,CI-0014,131,66,Observado pelo parceiro
2026-02,KA-01,CI-0014,213,54,Observado pelo parceiro
2026-03,KA-01,CI-0014,129,46,Observado pelo parceiro
2026-04,KA-01,CI-0014,165,71,Observado pelo parceiro
2026-05,KA-01,CI-0014,153,94,Observado pelo parceiro
2026-06,KA-01,CI-0014,135,82,Observado pelo parceiro
2026-07,KA-01,CI-0014,126,83,Observado pelo parceiro
2026-08,KA-01,CI-0014,115,102,Observado pelo parceiro
2025-09,KA-01,CI-0017,29,69,Observado pelo parceiro
2025-10,KA-01,CI-0017,26,66,Observado pelo parceiro
2025-11,KA-01,CI-0017,23,66,Observado pelo parceiro
2025-12,KA-01,CI-0017,33,66,Observado pelo parceiro
2026-01,KA-01,CI-0017,36,68,Observado pelo parceiro
2026-02,KA-01,CI-0017,47,61,Observado pelo parceiro
2026-03,KA-01,CI-0017,55,66,Observado pelo parceiro
2026-04,KA-01,CI-0017,35,61,Observado pelo parceiro
2026-05,KA-01,CI-0017,47,56,Observado pelo parceiro
2026-06,KA-01,CI-0017,31,60,Observado pelo parceiro
2026-07,KA-01,CI-0017,24,63,Observado pelo parceiro
2026-08,KA-01,CI-0017,50,71,Observado pelo parceiro
2025-09,KA-01,CI-0020,59,215,Observado pelo parceiro
2025-10,KA-01,CI-0020,87,214,Observado pelo parceiro
2025-11,KA-01,CI-0020,83,220,Observado pelo parceiro
2025-12,KA-01,CI-0020,87,229,Observado pelo parceiro
2026-01,KA-01,CI-0020,45,232,Observado pelo parceiro
2026-02,KA-01,CI-0020,67,242,Observado pelo parceiro
2026-03,KA-01,CI-0020,62,241,Observado pelo parceiro
2026-04,KA-01,CI-0020,88,234,Observado pelo parceiro
2026-05,KA-01,CI-0020,71,223,Observado pelo parceiro
2026-06,KA-01,CI-0020,90,236,Observado pelo parceiro
2026-07,KA-01,CI-0020,89,235,Observado pelo parceiro
2026-08,KA-01,CI-0020,46,234,Observado pelo parceiro
2025-09,KA-01,CI-0023,123,164,Observado pelo parceiro
2025-10,KA-01,CI-0023,82,157,Observado pelo parceiro
2025-11,KA-01,CI-0023,130,157,Observado pelo parceiro
2025-12,KA-01,CI-0023,97,151,Observado pelo parceiro
2026-01,KA-01,CI-0023,79,140,Observado pelo parceiro
2026-02,KA-01,CI-0023,79,137,Observado pelo parceiro
2026-03,KA-01,CI-0023,90,131,Observado pelo parceiro
2026-04,KA-01,CI-0023,76,120,Observado pelo parceiro
2026-05,KA-01,CI-0023,81,124,Observado pelo parceiro
2026-06,KA-01,CI-0023,101,133,Observado pelo parceiro
2026-07,KA-01,CI-0023,101,141,Observado pelo parceiro
2026-08,KA-01,CI-0023,127,153,Observado pelo parceiro
2025-09,KA-01,CI-0026,86,57,Observado pelo parceiro
2025-10,KA-01,CI-0026,157,77,Observado pelo parceiro
2025-11,KA-01,CI-0026,127,97,Observado pelo parceiro
2025-12,KA-01,CI-0026,154,100,Observado pelo parceiro
2026-01,KA-01,CI-0026,69,92,Observado pelo parceiro
2026-02,KA-01,CI-0026,161,118,Observado pelo parceiro
2026-03,KA-01,CI-0026,138,135,Observado pelo parceiro
2026-04,KA-01,CI-0026,72,142,Observado pelo parceiro
2026-05,KA-01,CI-0026,139,122,Observado pelo parceiro
2026-06,KA-01,CI-0026,150,113,Observado pelo parceiro
2026-07,KA-01,CI-0026,77,117,Observado pelo parceiro
2026-08,KA-01,CI-0026,150,119,Observado pelo parceiro
2025-09,KA-01,CI-0029,85,133,Observado pelo parceiro
2025-10,KA-01,CI-0029,106,145,Observado pelo parceiro
2025-11,KA-01,CI-0029,85,148,Observado pelo parceiro
2025-12,KA-01,CI-0029,128,131,Observado pelo parceiro
2026-01,KA-01,CI-0029,216,103,Observado pelo parceiro
2026-02,KA-01,CI-0029,145,104,Observado pelo parceiro
2026-03,KA-01,CI-0029,129,112,Observado pelo parceiro
2026-04,KA-01,CI-0029,226,137,Observado pelo parceiro
2026-05,KA-01,CI-0029,116,123,Observado pelo parceiro
2026-06,KA-01,CI-0029,222,137,Observado pelo parceiro
2026-07,KA-01,CI-0029,193,127,Observado pelo parceiro
2026-08,KA-01,CI-0029,118,133,Observado pelo parceiro
2025-09,KA-02,CI-0003,29,120,Observado pelo parceiro
2025-10,KA-02,CI-0003,25,123,Observado pelo parceiro
2025-11,KA-02,CI-0003,51,127,Observado pelo parceiro
2025-12,KA-02,CI-0003,51,135,Observado pelo parceiro
2026-01,KA-02,CI-0003,29,133,Observado pelo parceiro
2026-02,KA-02,CI-0003,35,131,Observado pelo parceiro
2026-03,KA-02,CI-0003,45,128,Observado pelo parceiro
2026-04,KA-02,CI-0003,37,123,Observado pelo parceiro
2026-05,KA-02,CI-0003,52,115,Observado pelo parceiro
2026-06,KA-02,CI-0003,29,111,Observado pelo parceiro
2026-07,KA-02,CI-0003,28,108,Observado pelo parceiro
2026-08,KA-02,CI-0003,55,104,Observado pelo parceiro
2025-09,KA-02,CI-0006,109,177,Observado pelo parceiro
2025-10,KA-02,CI-0006,74,185,Observado pelo parceiro
2025-11,KA-02,CI-0006,42,184,Observado pelo parceiro
2025-12,KA-02,CI-0006,92,174,Observado pelo parceiro
2026-01,KA-02,CI-0006,101,174,Observado pelo parceiro
2026-02,KA-02,CI-0006,109,180,Observado pelo parceiro
2026-03,KA-02,CI-0006,64,183,Observado pelo parceiro
2026-04,KA-02,CI-0006,75,172,Observado pelo parceiro
2026-05,KA-02,CI-0006,97,189,Observado pelo parceiro
2026-06,KA-02,CI-0006,106,191,Observado pelo parceiro
2026-07,KA-02,CI-0006,46,188,Observado pelo parceiro
2026-08,KA-02,CI-0006,73,183,Observado pelo parceiro
2025-09,KA-02,CI-0009,96,235,Observado pelo parceiro
2025-10,KA-02,CI-0009,110,312,Observado pelo parceiro
2025-11,KA-02,CI-0009,83,370,Observado pelo parceiro
2025-12,KA-02,CI-0009,90,433,Observado pelo parceiro
2026-01,KA-02,CI-0009,149,537,Observado pelo parceiro
2026-02,KA-02,CI-0009,83,595,Observado pelo parceiro
2026-03,KA-02,CI-0009,103,667,Observado pelo parceiro
2026-04,KA-02,CI-0009,63,711,Observado pelo parceiro
2026-05,KA-02,CI-0009,80,767,Observado pelo parceiro
2026-06,KA-02,CI-0009,83,825,Observado pelo parceiro
2026-07,KA-02,CI-0009,81,881,Observado pelo parceiro
2026-08,KA-02,CI-0009,72,931,Observado pelo parceiro
2025-09,KA-02,CI-0012,108,267,Observado pelo parceiro
2025-10,KA-02,CI-0012,91,270,Observado pelo parceiro
2025-11,KA-02,CI-0012,114,262,Observado pelo parceiro
2025-12,KA-02,CI-0012,177,254,Observado pelo parceiro
2026-01,KA-02,CI-0012,178,248,Observado pelo parceiro
2026-02,KA-02,CI-0012,120,251,Observado pelo parceiro
2026-03,KA-02,CI-0012,184,255,Observado pelo parceiro
2026-04,KA-02,CI-0012,97,260,Observado pelo parceiro
2026-05,KA-02,CI-0012,111,255,Observado pelo parceiro
2026-06,KA-02,CI-0012,180,244,Observado pelo parceiro
2026-07,KA-02,CI-0012,113,228,Observado pelo parceiro
2026-08,KA-02,CI-0012,196,219,Observado pelo parceiro
2025-09,KA-02,CI-0015,95,129,Observado pelo parceiro
2025-10,KA-02,CI-0015,93,120,Observado pelo parceiro
2025-11,KA-02,CI-0015,201,96,Observado pelo parceiro
2025-12,KA-02,CI-0015,108,112,Observado pelo parceiro
2026-01,KA-02,CI-0015,155,113,Observado pelo parceiro
2026-02,KA-02,CI-0015,148,128,Observado pelo parceiro
2026-03,KA-02,CI-0015,94,120,Observado pelo parceiro
2026-04,KA-02,CI-0015,106,123,Observado pelo parceiro
2026-05,KA-02,CI-0015,168,106,Observado pelo parceiro
2026-06,KA-02,CI-0015,202,103,Observado pelo parceiro
2026-07,KA-02,CI-0015,147,115,Observado pelo parceiro
2026-08,KA-02,CI-0015,144,113,Observado pelo parceiro
2025-09,KA-02,CI-0018,37,241,Observado pelo parceiro
2025-10,KA-02,CI-0018,69,248,Observado pelo parceiro
2025-11,KA-02,CI-0018,69,252,Observado pelo parceiro
2025-12,KA-02,CI-0018,46,250,Observado pelo parceiro
2026-01,KA-02,CI-0018,41,249,Observado pelo parceiro
2026-02,KA-02,CI-0018,70,249,Observado pelo parceiro
2026-03,KA-02,CI-0018,64,250,Observado pelo parceiro
2026-04,KA-02,CI-0018,38,248,Observado pelo parceiro
2026-05,KA-02,CI-0018,62,256,Observado pelo parceiro
2026-06,KA-02,CI-0018,28,260,Observado pelo parceiro
2026-07,KA-02,CI-0018,54,253,Observado pelo parceiro
2026-08,KA-02,CI-0018,48,255,Observado pelo parceiro
2025-09,KA-02,CI-0021,83,218,Observado pelo parceiro
2025-10,KA-02,CI-0021,97,209,Observado pelo parceiro
2025-11,KA-02,CI-0021,68,203,Observado pelo parceiro
2025-12,KA-02,CI-0021,67,208,Observado pelo parceiro
2026-01,KA-02,CI-0021,98,201,Observado pelo parceiro
2026-02,KA-02,CI-0021,79,190,Observado pelo parceiro
2026-03,KA-02,CI-0021,65,181,Observado pelo parceiro
2026-04,KA-02,CI-0021,76,175,Observado pelo parceiro
2026-05,KA-02,CI-0021,66,170,Observado pelo parceiro
2026-06,KA-02,CI-0021,61,168,Observado pelo parceiro
2026-07,KA-02,CI-0021,67,178,Observado pelo parceiro
2026-08,KA-02,CI-0021,73,181,Observado pelo parceiro
2025-09,KA-02,CI-0024,109,200,Observado pelo parceiro
2025-10,KA-02,CI-0024,116,191,Observado pelo parceiro
2025-11,KA-02,CI-0024,127,200,Observado pelo parceiro
2025-12,KA-02,CI-0024,125,203,Observado pelo parceiro
2026-01,KA-02,CI-0024,94,188,Observado pelo parceiro
2026-02,KA-02,CI-0024,63,190,Observado pelo parceiro
2026-03,KA-02,CI-0024,73,195,Observado pelo parceiro
2026-04,KA-02,CI-0024,71,184,Observado pelo parceiro
2026-05,KA-02,CI-0024,146,199,Observado pelo parceiro
2026-06,KA-02,CI-0024,114,216,Observado pelo parceiro
2026-07,KA-02,CI-0024,148,231,Observado pelo parceiro
2026-08,KA-02,CI-0024,79,243,Observado pelo parceiro
2025-09,KA-02,CI-0027,147,112,Observado pelo parceiro
2025-10,KA-02,CI-0027,195,127,Observado pelo parceiro
2025-11,KA-02,CI-0027,74,121,Observado pelo parceiro
2025-12,KA-02,CI-0027,178,125,Observado pelo parceiro
2026-01,KA-02,CI-0027,143,110,Observado pelo parceiro
2026-02,KA-02,CI-0027,81,113,Observado pelo parceiro
2026-03,KA-02,CI-0027,151,115,Observado pelo parceiro
2026-04,KA-02,CI-0027,169,89,Observado pelo parceiro
2026-05,KA-02,CI-0027,131,88,Observado pelo parceiro
2026-06,KA-02,CI-0027,155,100,Observado pelo parceiro
2026-07,KA-02,CI-0027,80,89,Observado pelo parceiro
2026-08,KA-02,CI-0027,196,67,Observado pelo parceiro
2025-09,KA-02,CI-0030,234,151,Observado pelo parceiro
2025-10,KA-02,CI-0030,126,169,Observado pelo parceiro
2025-11,KA-02,CI-0030,214,200,Observado pelo parceiro
2025-12,KA-02,CI-0030,89,206,Observado pelo parceiro
2026-01,KA-02,CI-0030,213,243,Observado pelo parceiro
2026-02,KA-02,CI-0030,186,240,Observado pelo parceiro
2026-03,KA-02,CI-0030,229,228,Observado pelo parceiro
2026-04,KA-02,CI-0030,168,215,Observado pelo parceiro
2026-05,KA-02,CI-0030,132,210,Observado pelo parceiro
2026-06,KA-02,CI-0030,109,224,Observado pelo parceiro
2026-07,KA-02,CI-0030,87,222,Observado pelo parceiro
2026-08,KA-02,CI-0030,209,257,Observado pelo parceiro
2025-09,KA-03,CI-0001,20,259,Observado pelo parceiro
2025-10,KA-03,CI-0001,24,271,Observado pelo parceiro
2025-11,KA-03,CI-0001,39,290,Observado pelo parceiro
2025-12,KA-03,CI-0001,27,303,Observado pelo parceiro
2026-01,KA-03,CI-0001,39,309,Observado pelo parceiro
2026-02,KA-03,CI-0001,29,306,Observado pelo parceiro
2026-03,KA-03,CI-0001,27,302,Observado pelo parceiro
2026-04,KA-03,CI-0001,15,302,Observado pelo parceiro
2026-05,KA-03,CI-0001,37,304,Observado pelo parceiro
2026-06,KA-03,CI-0001,25,304,Observado pelo parceiro
2026-07,KA-03,CI-0001,38,323,Observado pelo parceiro
2026-08,KA-03,CI-0001,41,343,Observado pelo parceiro
2025-09,KA-03,CI-0004,74,208,Observado pelo parceiro
2025-10,KA-03,CI-0004,40,214,Observado pelo parceiro
2025-11,KA-03,CI-0004,47,220,Observado pelo parceiro
2025-12,KA-03,CI-0004,48,222,Observado pelo parceiro
2026-01,KA-03,CI-0004,35,222,Observado pelo parceiro
2026-02,KA-03,CI-0004,80,214,Observado pelo parceiro
2026-03,KA-03,CI-0004,62,210,Observado pelo parceiro
2026-04,KA-03,CI-0004,32,207,Observado pelo parceiro
2026-05,KA-03,CI-0004,50,200,Observado pelo parceiro
2026-06,KA-03,CI-0004,31,199,Observado pelo parceiro
2026-07,KA-03,CI-0004,36,202,Observado pelo parceiro
2026-08,KA-03,CI-0004,32,206,Observado pelo parceiro
2025-09,KA-03,CI-0007,126,230,Observado pelo parceiro
2025-10,KA-03,CI-0007,50,225,Observado pelo parceiro
2025-11,KA-03,CI-0007,99,211,Observado pelo parceiro
2025-12,KA-03,CI-0007,104,215,Observado pelo parceiro
2026-01,KA-03,CI-0007,98,224,Observado pelo parceiro
2026-02,KA-03,CI-0007,87,222,Observado pelo parceiro
2026-03,KA-03,CI-0007,55,214,Observado pelo parceiro
2026-04,KA-03,CI-0007,68,207,Observado pelo parceiro
2026-05,KA-03,CI-0007,126,195,Observado pelo parceiro
2026-06,KA-03,CI-0007,119,196,Observado pelo parceiro
2026-07,KA-03,CI-0007,47,193,Observado pelo parceiro
2026-08,KA-03,CI-0007,113,198,Observado pelo parceiro
2025-09,KA-03,CI-0010,130,125,Observado pelo parceiro
2025-10,KA-03,CI-0010,167,105,Observado pelo parceiro
2025-11,KA-03,CI-0010,105,100,Observado pelo parceiro
2025-12,KA-03,CI-0010,77,109,Observado pelo parceiro
2026-01,KA-03,CI-0010,137,120,Observado pelo parceiro
2026-02,KA-03,CI-0010,118,130,Observado pelo parceiro
2026-03,KA-03,CI-0010,76,125,Observado pelo parceiro
2026-04,KA-03,CI-0010,90,115,Observado pelo parceiro
2026-05,KA-03,CI-0010,135,122,Observado pelo parceiro
2026-06,KA-03,CI-0010,76,124,Observado pelo parceiro
2026-07,KA-03,CI-0010,159,137,Observado pelo parceiro
2026-08,KA-03,CI-0010,129,150,Observado pelo parceiro
2025-09,KA-03,CI-0013,190,64,Observado pelo parceiro
2025-10,KA-03,CI-0013,114,58,Observado pelo parceiro
2025-11,KA-03,CI-0013,116,66,Observado pelo parceiro
2025-12,KA-03,CI-0013,84,74,Observado pelo parceiro
2026-01,KA-03,CI-0013,204,66,Observado pelo parceiro
2026-02,KA-03,CI-0013,153,75,Observado pelo parceiro
2026-03,KA-03,CI-0013,141,83,Observado pelo parceiro
2026-04,KA-03,CI-0013,160,68,Observado pelo parceiro
2026-05,KA-03,CI-0013,164,75,Observado pelo parceiro
2026-06,KA-03,CI-0013,182,105,Observado pelo parceiro
2026-07,KA-03,CI-0013,86,117,Observado pelo parceiro
2026-08,KA-03,CI-0013,98,125,Observado pelo parceiro
2025-09,KA-03,CI-0016,23,121,Observado pelo parceiro
2025-10,KA-03,CI-0016,25,120,Observado pelo parceiro
2025-11,KA-03,CI-0016,26,118,Observado pelo parceiro
2025-12,KA-03,CI-0016,32,121,Observado pelo parceiro
2026-01,KA-03,CI-0016,28,118,Observado pelo parceiro
2026-02,KA-03,CI-0016,23,120,Observado pelo parceiro
2026-03,KA-03,CI-0016,36,118,Observado pelo parceiro
2026-04,KA-03,CI-0016,22,120,Observado pelo parceiro
2026-05,KA-03,CI-0016,41,124,Observado pelo parceiro
2026-06,KA-03,CI-0016,21,122,Observado pelo parceiro
2026-07,KA-03,CI-0016,24,120,Observado pelo parceiro
2026-08,KA-03,CI-0016,27,120,Observado pelo parceiro
2025-09,KA-03,CI-0019,67,50,Observado pelo parceiro
2025-10,KA-03,CI-0019,40,51,Observado pelo parceiro
2025-11,KA-03,CI-0019,69,57,Observado pelo parceiro
2025-12,KA-03,CI-0019,65,63,Observado pelo parceiro
2026-01,KA-03,CI-0019,65,61,Observado pelo parceiro
2026-02,KA-03,CI-0019,48,58,Observado pelo parceiro
2026-03,KA-03,CI-0019,71,69,Observado pelo parceiro
2026-04,KA-03,CI-0019,49,66,Observado pelo parceiro
2026-05,KA-03,CI-0019,66,74,Observado pelo parceiro
2026-06,KA-03,CI-0019,81,81,Observado pelo parceiro
2026-07,KA-03,CI-0019,62,91,Observado pelo parceiro
2026-08,KA-03,CI-0019,79,99,Observado pelo parceiro
2025-09,KA-03,CI-0022,47,176,Observado pelo parceiro
2025-10,KA-03,CI-0022,103,186,Observado pelo parceiro
2025-11,KA-03,CI-0022,73,196,Observado pelo parceiro
2025-12,KA-03,CI-0022,64,186,Observado pelo parceiro
2026-01,KA-03,CI-0022,72,193,Observado pelo parceiro
2026-02,KA-03,CI-0022,47,197,Observado pelo parceiro
2026-03,KA-03,CI-0022,60,199,Observado pelo parceiro
2026-04,KA-03,CI-0022,59,200,Observado pelo parceiro
2026-05,KA-03,CI-0022,98,191,Observado pelo parceiro
2026-06,KA-03,CI-0022,116,192,Observado pelo parceiro
2026-07,KA-03,CI-0022,113,184,Observado pelo parceiro
2026-08,KA-03,CI-0022,116,194,Observado pelo parceiro
2025-09,KA-03,CI-0025,108,285,Observado pelo parceiro
2025-10,KA-03,CI-0025,113,269,Observado pelo parceiro
2025-11,KA-03,CI-0025,129,285,Observado pelo parceiro
2025-12,KA-03,CI-0025,102,301,Observado pelo parceiro
2026-01,KA-03,CI-0025,84,298,Observado pelo parceiro
2026-02,KA-03,CI-0025,62,295,Observado pelo parceiro
2026-03,KA-03,CI-0025,146,315,Observado pelo parceiro
2026-04,KA-03,CI-0025,70,306,Observado pelo parceiro
2026-05,KA-03,CI-0025,61,301,Observado pelo parceiro
2026-06,KA-03,CI-0025,117,296,Observado pelo parceiro
2026-07,KA-03,CI-0025,153,309,Observado pelo parceiro
2026-08,KA-03,CI-0025,104,311,Observado pelo parceiro
2025-09,KA-03,CI-0028,146,81,Observado pelo parceiro
2025-10,KA-03,CI-0028,102,98,Observado pelo parceiro
2025-11,KA-03,CI-0028,208,93,Observado pelo parceiro
2025-12,KA-03,CI-0028,174,75,Observado pelo parceiro
2026-01,KA-03,CI-0028,210,111,Observado pelo parceiro
2026-02,KA-03,CI-0028,163,103,Observado pelo parceiro
2026-03,KA-03,CI-0028,132,94,Observado pelo parceiro
2026-04,KA-03,CI-0028,147,112,Observado pelo parceiro
2026-05,KA-03,CI-0028,135,108,Observado pelo parceiro
2026-06,KA-03,CI-0028,80,119,Observado pelo parceiro
2026-07,KA-03,CI-0028,125,110,Observado pelo parceiro
2026-08,KA-03,CI-0028,181,92,Observado pelo parceiro
2025-09,KA-04,CI-0002,35,188,Observado pelo parceiro
2025-10,KA-04,CI-0002,25,190,Observado pelo parceiro
2025-11,KA-04,CI-0002,26,189,Observado pelo parceiro
2025-12,KA-04,CI-0002,52,197,Observado pelo parceiro
2026-01,KA-04,CI-0002,47,200,Observado pelo parceiro
2026-02,KA-04,CI-0002,41,199,Observado pelo parceiro
2026-03,KA-04,CI-0002,36,202,Observado pelo parceiro
2026-04,KA-04,CI-0002,21,203,Observado pelo parceiro
2026-05,KA-04,CI-0002,43,202,Observado pelo parceiro
2026-06,KA-04,CI-0002,24,200,Observado pelo parceiro
2026-07,KA-04,CI-0002,45,194,Observado pelo parceiro
2026-08,KA-04,CI-0002,51,194,Observado pelo parceiro
2025-09,KA-04,CI-0005,47,106,Observado pelo parceiro
2025-10,KA-04,CI-0005,49,110,Observado pelo parceiro
2025-11,KA-04,CI-0005,80,107,Observado pelo parceiro
2025-12,KA-04,CI-0005,93,116,Observado pelo parceiro
2026-01,KA-04,CI-0005,80,129,Observado pelo parceiro
2026-02,KA-04,CI-0005,74,127,Observado pelo parceiro
2026-03,KA-04,CI-0005,48,134,Observado pelo parceiro
2026-04,KA-04,CI-0005,52,128,Observado pelo parceiro
2026-05,KA-04,CI-0005,47,121,Observado pelo parceiro
2026-06,KA-04,CI-0005,83,133,Observado pelo parceiro
2026-07,KA-04,CI-0005,86,132,Observado pelo parceiro
2026-08,KA-04,CI-0005,44,131,Observado pelo parceiro
2025-09,KA-04,CI-0008,76,174,Observado pelo parceiro
2025-10,KA-04,CI-0008,74,177,Observado pelo parceiro
2025-11,KA-04,CI-0008,97,163,Observado pelo parceiro
2025-12,KA-04,CI-0008,126,163,Observado pelo parceiro
2026-01,KA-04,CI-0008,123,149,Observado pelo parceiro
2026-02,KA-04,CI-0008,64,140,Observado pelo parceiro
2026-03,KA-04,CI-0008,116,136,Observado pelo parceiro
2026-04,KA-04,CI-0008,61,131,Observado pelo parceiro
2026-05,KA-04,CI-0008,82,132,Observado pelo parceiro
2026-06,KA-04,CI-0008,86,129,Observado pelo parceiro
2026-07,KA-04,CI-0008,117,131,Observado pelo parceiro
2026-08,KA-04,CI-0008,95,144,Observado pelo parceiro
2025-09,KA-04,CI-0011,161,229,Observado pelo parceiro
2025-10,KA-04,CI-0011,145,254,Observado pelo parceiro
2025-11,KA-04,CI-0011,108,247,Observado pelo parceiro
2025-12,KA-04,CI-0011,126,245,Observado pelo parceiro
2026-01,KA-04,CI-0011,165,223,Observado pelo parceiro
2026-02,KA-04,CI-0011,120,210,Observado pelo parceiro
2026-03,KA-04,CI-0011,159,225,Observado pelo parceiro
2026-04,KA-04,CI-0011,94,220,Observado pelo parceiro
2026-05,KA-04,CI-0011,178,198,Observado pelo parceiro
2026-06,KA-04,CI-0011,71,201,Observado pelo parceiro
2026-07,KA-04,CI-0011,86,213,Observado pelo parceiro
2026-08,KA-04,CI-0011,97,224,Observado pelo parceiro
2025-09,KA-04,CI-0014,130,136,Observado pelo parceiro
2025-10,KA-04,CI-0014,151,148,Observado pelo parceiro
2025-11,KA-04,CI-0014,176,179,Observado pelo parceiro
2025-12,KA-04,CI-0014,204,194,Observado pelo parceiro
2026-01,KA-04,CI-0014,181,194,Observado pelo parceiro
2026-02,KA-04,CI-0014,186,221,Observado pelo parceiro
2026-03,KA-04,CI-0014,140,226,Observado pelo parceiro
2026-04,KA-04,CI-0014,128,218,Observado pelo parceiro
2026-05,KA-04,CI-0014,118,203,Observado pelo parceiro
2026-06,KA-04,CI-0014,226,241,Observado pelo parceiro
2026-07,KA-04,CI-0014,200,250,Observado pelo parceiro
2026-08,KA-04,CI-0014,186,247,Observado pelo parceiro
2025-09,KA-04,CI-0017,35,58,Observado pelo parceiro
2025-10,KA-04,CI-0017,26,54,Observado pelo parceiro
2025-11,KA-04,CI-0017,42,47,Observado pelo parceiro
2025-12,KA-04,CI-0017,36,53,Observado pelo parceiro
2026-01,KA-04,CI-0017,52,58,Observado pelo parceiro
2026-02,KA-04,CI-0017,48,58,Observado pelo parceiro
2026-03,KA-04,CI-0017,48,54,Observado pelo parceiro
2026-04,KA-04,CI-0017,24,54,Observado pelo parceiro
2026-05,KA-04,CI-0017,42,55,Observado pelo parceiro
2026-06,KA-04,CI-0017,25,57,Observado pelo parceiro
2026-07,KA-04,CI-0017,50,54,Observado pelo parceiro
2026-08,KA-04,CI-0017,25,51,Observado pelo parceiro
2025-09,KA-04,CI-0020,77,50,Observado pelo parceiro
2025-10,KA-04,CI-0020,46,58,Observado pelo parceiro
2025-11,KA-04,CI-0020,78,62,Observado pelo parceiro
2025-12,KA-04,CI-0020,43,69,Observado pelo parceiro
2026-01,KA-04,CI-0020,67,60,Observado pelo parceiro
2026-02,KA-04,CI-0020,55,53,Observado pelo parceiro
2026-03,KA-04,CI-0020,65,46,Observado pelo parceiro
2026-04,KA-04,CI-0020,86,58,Observado pelo parceiro
2026-05,KA-04,CI-0020,60,54,Observado pelo parceiro
2026-06,KA-04,CI-0020,90,49,Observado pelo parceiro
2026-07,KA-04,CI-0020,42,55,Observado pelo parceiro
2026-08,KA-04,CI-0020,52,47,Observado pelo parceiro
2025-09,KA-04,CI-0023,128,220,Observado pelo parceiro
2025-10,KA-04,CI-0023,66,224,Observado pelo parceiro
2025-11,KA-04,CI-0023,116,225,Observado pelo parceiro
2025-12,KA-04,CI-0023,63,217,Observado pelo parceiro
2026-01,KA-04,CI-0023,127,238,Observado pelo parceiro
2026-02,KA-04,CI-0023,73,228,Observado pelo parceiro
2026-03,KA-04,CI-0023,76,221,Observado pelo parceiro
2026-04,KA-04,CI-0023,120,215,Observado pelo parceiro
2026-05,KA-04,CI-0023,88,214,Observado pelo parceiro
2026-06,KA-04,CI-0023,59,214,Observado pelo parceiro
2026-07,KA-04,CI-0023,102,211,Observado pelo parceiro
2026-08,KA-04,CI-0023,75,222,Observado pelo parceiro
2025-09,KA-04,CI-0026,156,285,Observado pelo parceiro
2025-10,KA-04,CI-0026,154,304,Observado pelo parceiro
2025-11,KA-04,CI-0026,94,293,Observado pelo parceiro
2025-12,KA-04,CI-0026,71,292,Observado pelo parceiro
2026-01,KA-04,CI-0026,67,285,Observado pelo parceiro
2026-02,KA-04,CI-0026,125,270,Observado pelo parceiro
2026-03,KA-04,CI-0026,74,264,Observado pelo parceiro
2026-04,KA-04,CI-0026,99,264,Observado pelo parceiro
2026-05,KA-04,CI-0026,133,257,Observado pelo parceiro
2026-06,KA-04,CI-0026,166,232,Observado pelo parceiro
2026-07,KA-04,CI-0026,131,255,Observado pelo parceiro
2026-08,KA-04,CI-0026,119,252,Observado pelo parceiro
2025-09,KA-04,CI-0029,88,88,Observado pelo parceiro
2025-10,KA-04,CI-0029,111,98,Observado pelo parceiro
2025-11,KA-04,CI-0029,154,86,Observado pelo parceiro
2025-12,KA-04,CI-0029,157,86,Observado pelo parceiro
2026-01,KA-04,CI-0029,101,92,Observado pelo parceiro
2026-02,KA-04,CI-0029,185,123,Observado pelo parceiro
2026-03,KA-04,CI-0029,133,119,Observado pelo parceiro
2026-04,KA-04,CI-0029,189,119,Observado pelo parceiro
2026-05,KA-04,CI-0029,149,107,Observado pelo parceiro
2026-06,KA-04,CI-0029,220,104,Observado pelo parceiro
2026-07,KA-04,CI-0029,211,74,Observado pelo parceiro
2026-08,KA-04,CI-0029,203,78,Observado pelo parceiro
2025-09,KA-05,CI-0003,56,271,Observado pelo parceiro
2025-10,KA-05,CI-0003,48,272,Observado pelo parceiro
2025-11,KA-05,CI-0003,53,265,Observado pelo parceiro
2025-12,KA-05,CI-0003,30,260,Observado pelo parceiro
2026-01,KA-05,CI-0003,42,264,Observado pelo parceiro
2026-02,KA-05,CI-0003,64,274,Observado pelo parceiro
2026-03,KA-05,CI-0003,56,279,Observado pelo parceiro
2026-04,KA-05,CI-0003,49,279,Observado pelo parceiro
2026-05,KA-05,CI-0003,29,283,Observado pelo parceiro
2026-06,KA-05,CI-0003,60,276,Observado pelo parceiro
2026-07,KA-05,CI-0003,60,283,Observado pelo parceiro
2026-08,KA-05,CI-0003,69,280,Observado pelo parceiro
2025-09,KA-05,CI-0006,103,122,Observado pelo parceiro
2025-10,KA-05,CI-0006,63,121,Observado pelo parceiro
2025-11,KA-05,CI-0006,65,115,Observado pelo parceiro
2025-12,KA-05,CI-0006,88,118,Observado pelo parceiro
2026-01,KA-05,CI-0006,75,107,Observado pelo parceiro
2026-02,KA-05,CI-0006,100,109,Observado pelo parceiro
2026-03,KA-05,CI-0006,113,119,Observado pelo parceiro
2026-04,KA-05,CI-0006,91,124,Observado pelo parceiro
2026-05,KA-05,CI-0006,58,133,Observado pelo parceiro
2026-06,KA-05,CI-0006,111,120,Observado pelo parceiro
2026-07,KA-05,CI-0006,98,111,Observado pelo parceiro
2026-08,KA-05,CI-0006,108,116,Observado pelo parceiro
2025-09,KA-05,CI-0009,74,258,Observado pelo parceiro
2025-10,KA-05,CI-0009,73,270,Observado pelo parceiro
2025-11,KA-05,CI-0009,83,270,Observado pelo parceiro
2025-12,KA-05,CI-0009,89,282,Observado pelo parceiro
2026-01,KA-05,CI-0009,99,267,Observado pelo parceiro
2026-02,KA-05,CI-0009,152,273,Observado pelo parceiro
2026-03,KA-05,CI-0009,137,252,Observado pelo parceiro
2026-04,KA-05,CI-0009,151,230,Observado pelo parceiro
2026-05,KA-05,CI-0009,154,250,Observado pelo parceiro
2026-06,KA-05,CI-0009,64,255,Observado pelo parceiro
2026-07,KA-05,CI-0009,140,253,Observado pelo parceiro
2026-08,KA-05,CI-0009,119,239,Observado pelo parceiro
2025-09,KA-05,CI-0012,132,83,Observado pelo parceiro
2025-10,KA-05,CI-0012,121,68,Observado pelo parceiro
2025-11,KA-05,CI-0012,124,80,Observado pelo parceiro
2025-12,KA-05,CI-0012,97,85,Observado pelo parceiro
2026-01,KA-05,CI-0012,192,96,Observado pelo parceiro
2026-02,KA-05,CI-0012,79,103,Observado pelo parceiro
2026-03,KA-05,CI-0012,152,87,Observado pelo parceiro
2026-04,KA-05,CI-0012,182,64,Observado pelo parceiro
2026-05,KA-05,CI-0012,183,83,Observado pelo parceiro
2026-06,KA-05,CI-0012,148,88,Observado pelo parceiro
2026-07,KA-05,CI-0012,139,77,Observado pelo parceiro
2026-08,KA-05,CI-0012,116,85,Observado pelo parceiro
2025-09,KA-05,CI-0015,155,177,Observado pelo parceiro
2025-10,KA-05,CI-0015,86,187,Observado pelo parceiro
2025-11,KA-05,CI-0015,236,225,Observado pelo parceiro
2025-12,KA-05,CI-0015,213,249,Observado pelo parceiro
2026-01,KA-05,CI-0015,105,254,Observado pelo parceiro
2026-02,KA-05,CI-0015,113,249,Observado pelo parceiro
2026-03,KA-05,CI-0015,148,273,Observado pelo parceiro
2026-04,KA-05,CI-0015,160,272,Observado pelo parceiro
2026-05,KA-05,CI-0015,241,263,Observado pelo parceiro
2026-06,KA-05,CI-0015,166,284,Observado pelo parceiro
2026-07,KA-05,CI-0015,88,297,Observado pelo parceiro
2026-08,KA-05,CI-0015,127,306,Observado pelo parceiro
2025-09,KA-05,CI-0018,40,185,Observado pelo parceiro
2025-10,KA-05,CI-0018,51,193,Observado pelo parceiro
2025-11,KA-05,CI-0018,52,202,Observado pelo parceiro
2025-12,KA-05,CI-0018,36,206,Observado pelo parceiro
2026-01,KA-05,CI-0018,48,203,Observado pelo parceiro
2026-02,KA-05,CI-0018,61,213,Observado pelo parceiro
2026-03,KA-05,CI-0018,51,214,Observado pelo parceiro
2026-04,KA-05,CI-0018,30,213,Observado pelo parceiro
2026-05,KA-05,CI-0018,39,214,Observado pelo parceiro
2026-06,KA-05,CI-0018,64,223,Observado pelo parceiro
2026-07,KA-05,CI-0018,55,230,Observado pelo parceiro
2026-08,KA-05,CI-0018,48,232,Observado pelo parceiro
2025-09,KA-05,CI-0021,42,160,Observado pelo parceiro
2025-10,KA-05,CI-0021,93,163,Observado pelo parceiro
2025-11,KA-05,CI-0021,74,151,Observado pelo parceiro
2025-12,KA-05,CI-0021,43,152,Observado pelo parceiro
2026-01,KA-05,CI-0021,80,163,Observado pelo parceiro
2026-02,KA-05,CI-0021,48,160,Observado pelo parceiro
2026-03,KA-05,CI-0021,98,160,Observado pelo parceiro
2026-04,KA-05,CI-0021,54,159,Observado pelo parceiro
2026-05,KA-05,CI-0021,64,163,Observado pelo parceiro
2026-06,KA-05,CI-0021,111,162,Observado pelo parceiro
2026-07,KA-05,CI-0021,82,150,Observado pelo parceiro
2026-08,KA-05,CI-0021,104,137,Observado pelo parceiro
2025-09,KA-05,CI-0024,133,58,Observado pelo parceiro
2025-10,KA-05,CI-0024,123,62,Observado pelo parceiro
2025-11,KA-05,CI-0024,142,48,Observado pelo parceiro
2025-12,KA-05,CI-0024,137,57,Observado pelo parceiro
2026-01,KA-05,CI-0024,79,59,Observado pelo parceiro
2026-02,KA-05,CI-0024,111,58,Observado pelo parceiro
2026-03,KA-05,CI-0024,59,59,Observado pelo parceiro
2026-04,KA-05,CI-0024,144,75,Observado pelo parceiro
2026-05,KA-05,CI-0024,131,82,Observado pelo parceiro
2026-06,KA-05,CI-0024,127,75,Observado pelo parceiro
2026-07,KA-05,CI-0024,74,80,Observado pelo parceiro
2026-08,KA-05,CI-0024,89,67,Observado pelo parceiro
2025-09,KA-05,CI-0027,103,94,Observado pelo parceiro
2025-10,KA-05,CI-0027,90,80,Observado pelo parceiro
2025-11,KA-05,CI-0027,107,72,Observado pelo parceiro
2025-12,KA-05,CI-0027,196,71,Observado pelo parceiro
2026-01,KA-05,CI-0027,156,78,Observado pelo parceiro
2026-02,KA-05,CI-0027,80,73,Observado pelo parceiro
2026-03,KA-05,CI-0027,129,75,Observado pelo parceiro
2026-04,KA-05,CI-0027,109,94,Observado pelo parceiro
2026-05,KA-05,CI-0027,191,109,Observado pelo parceiro
2026-06,KA-05,CI-0027,181,137,Observado pelo parceiro
2026-07,KA-05,CI-0027,81,148,Observado pelo parceiro
2026-08,KA-05,CI-0027,97,154,Observado pelo parceiro
2025-09,KA-05,CI-0030,95,101,Observado pelo parceiro
2025-10,KA-05,CI-0030,227,131,Observado pelo parceiro
2025-11,KA-05,CI-0030,142,134,Observado pelo parceiro
2025-12,KA-05,CI-0030,170,157,Observado pelo parceiro
2026-01,KA-05,CI-0030,121,166,Observado pelo parceiro
2026-02,KA-05,CI-0030,226,147,Observado pelo parceiro
2026-03,KA-05,CI-0030,100,142,Observado pelo parceiro
2026-04,KA-05,CI-0030,150,124,Observado pelo parceiro
2026-05,KA-05,CI-0030,128,122,Observado pelo parceiro
2026-06,KA-05,CI-0030,235,135,Observado pelo parceiro
2026-07,KA-05,CI-0030,97,120,Observado pelo parceiro
2026-08,KA-05,CI-0030,216,156,Observado pelo parceiro
